solid OpenSCAD_Model
  facet normal -0.8660254037844386 -0.5 0
    outer loop
      vertex -2.886751345948129 -5 0
      vertex -2.886751345948129 -5 23.2
      vertex -5.773502691896258 0 23.2
    endloop
  endfacet
  facet normal 0 0 1
    outer loop
      vertex -2.972579301909577 -2.676522425435433 23.2
      vertex -2.886751345948129 -5 23.2
      vertex -2.8284271247461903 -2.8284271247461903 23.2
    endloop
  endfacet
  facet normal 0 0 1
    outer loop
      vertex -3.1085838458278836 -2.5172815641993496 23.2
      vertex -3.23606797749979 -2.3511410091698925 23.2
      vertex -2.886751345948129 -5 23.2
    endloop
  endfacet
  facet normal 0 0 1
    outer loop
      vertex -3.1085838458278836 -2.5172815641993496 23.2
      vertex -2.886751345948129 -5 23.2
      vertex -2.972579301909577 -2.676522425435433 23.2
    endloop
  endfacet
  facet normal -0.8660254037844386 -0.5 0
    outer loop
      vertex -2.886751345948129 -5 0
      vertex -5.773502691896258 0 23.2
      vertex -5.773502691896258 0 0
    endloop
  endfacet
  facet normal 0 0 1
    outer loop
      vertex -3.6541818305704035 -1.6269465723032008 23.2
      vertex -5.773502691896258 0 23.2
      vertex -3.5640260967534716 -1.815961998958187 23.2
    endloop
  endfacet
  facet normal 0 0 1
    outer loop
      vertex -3.6541818305704035 -1.6269465723032008 23.2
      vertex -3.734321705988807 -1.433471798181201 23.2
      vertex -5.773502691896258 0 23.2
    endloop
  endfacet
  facet normal 0 0 1
    outer loop
      vertex -3.734321705988807 -1.433471798181201 23.2
      vertex -3.804226065180614 -1.2360679774997896 23.2
      vertex -5.773502691896258 0 23.2
    endloop
  endfacet
  facet normal 0 0 1
    outer loop
      vertex -3.804226065180614 -1.2360679774997896 23.2
      vertex -3.8637033051562732 -1.035276180410083 23.2
      vertex -5.773502691896258 0 23.2
    endloop
  endfacet
  facet normal 0 0 1
    outer loop
      vertex -3.8637033051562732 -1.035276180410083 23.2
      vertex -3.9125904029352228 -0.8316467632710374 23.2
      vertex -5.773502691896258 0 23.2
    endloop
  endfacet
  facet normal 0 0 1
    outer loop
      vertex -3.9125904029352228 -0.8316467632710374 23.2
      vertex -3.950753362380551 -0.6257378601609235 23.2
      vertex -5.773502691896258 0 23.2
    endloop
  endfacet
  facet normal 0 0 1
    outer loop
      vertex -3.950753362380551 -0.6257378601609235 23.2
      vertex -3.978087581473093 -0.4181138530706139 23.2
      vertex -5.773502691896258 0 23.2
    endloop
  endfacet
  facet normal 0 0 1
    outer loop
      vertex -3.978087581473093 -0.4181138530706139 23.2
      vertex -3.9945181390182953 -0.20934382497177534 23.2
      vertex -5.773502691896258 0 23.2
    endloop
  endfacet
  facet normal 0 0 1
    outer loop
      vertex -3.9945181390182953 -0.20934382497177534 23.2
      vertex -4 0 23.2
      vertex -5.773502691896258 0 23.2
    endloop
  endfacet
  facet normal 0 0 1
    outer loop
      vertex -3.23606797749979 -2.3511410091698925 23.2
      vertex -5.773502691896258 0 23.2
      vertex -2.886751345948129 -5 23.2
    endloop
  endfacet
  facet normal 0 0 1
    outer loop
      vertex -3.4641016151377544 -2 23.2
      vertex -3.5640260967534716 -1.815961998958187 23.2
      vertex -5.773502691896258 0 23.2
    endloop
  endfacet
  facet normal 0 0 1
    outer loop
      vertex -3.4641016151377544 -2 23.2
      vertex -5.773502691896258 0 23.2
      vertex -3.354682271781696 -2.1785561400601083 23.2
    endloop
  endfacet
  facet normal 0 0 1
    outer loop
      vertex -3.354682271781696 -2.1785561400601083 23.2
      vertex -5.773502691896258 0 23.2
      vertex -3.23606797749979 -2.3511410091698925 23.2
    endloop
  endfacet
  facet normal 0 0 1
    outer loop
      vertex -2.886751345948129 -5 23.2
      vertex -2.3511410091698925 -3.23606797749979 23.2
      vertex -2.5172815641993496 -3.1085838458278836 23.2
    endloop
  endfacet
  facet normal 0 0 1
    outer loop
      vertex -2.886751345948129 -5 23.2
      vertex -2 -3.4641016151377544 23.2
      vertex -2.1785561400601083 -3.354682271781696 23.2
    endloop
  endfacet
  facet normal 0 0 1
    outer loop
      vertex -2.886751345948129 -5 23.2
      vertex -2.1785561400601083 -3.354682271781696 23.2
      vertex -2.3511410091698925 -3.23606797749979 23.2
    endloop
  endfacet
  facet normal 0 0 1
    outer loop
      vertex -2.886751345948129 -5 23.2
      vertex -1.815961998958187 -3.5640260967534716 23.2
      vertex -2 -3.4641016151377544 23.2
    endloop
  endfacet
  facet normal 0 0 1
    outer loop
      vertex -2.886751345948129 -5 23.2
      vertex -1.6269465723032008 -3.6541818305704035 23.2
      vertex -1.815961998958187 -3.5640260967534716 23.2
    endloop
  endfacet
  facet normal 0 0 1
    outer loop
      vertex -2.886751345948129 -5 23.2
      vertex -1.433471798181201 -3.734321705988807 23.2
      vertex -1.6269465723032008 -3.6541818305704035 23.2
    endloop
  endfacet
  facet normal 0 0 1
    outer loop
      vertex -2.886751345948129 -5 23.2
      vertex -1.2360679774997896 -3.804226065180614 23.2
      vertex -1.433471798181201 -3.734321705988807 23.2
    endloop
  endfacet
  facet normal 0 0 1
    outer loop
      vertex -2.886751345948129 -5 23.2
      vertex -1.035276180410083 -3.8637033051562732 23.2
      vertex -1.2360679774997896 -3.804226065180614 23.2
    endloop
  endfacet
  facet normal 0 0 1
    outer loop
      vertex -2.886751345948129 -5 23.2
      vertex -0.8316467632710374 -3.9125904029352228 23.2
      vertex -1.035276180410083 -3.8637033051562732 23.2
    endloop
  endfacet
  facet normal 0 0 1
    outer loop
      vertex -2.886751345948129 -5 23.2
      vertex -0.6257378601609235 -3.950753362380551 23.2
      vertex -0.8316467632710374 -3.9125904029352228 23.2
    endloop
  endfacet
  facet normal 0 0 1
    outer loop
      vertex -2.886751345948129 -5 23.2
      vertex -2.676522425435433 -2.972579301909577 23.2
      vertex -2.8284271247461903 -2.8284271247461903 23.2
    endloop
  endfacet
  facet normal 0 0 1
    outer loop
      vertex -2.886751345948129 -5 23.2
      vertex -2.5172815641993496 -3.1085838458278836 23.2
      vertex -2.676522425435433 -2.972579301909577 23.2
    endloop
  endfacet
  facet normal 0 -1 0
    outer loop
      vertex -2.886751345948129 -5 0
      vertex 2.886751345948129 -5 23.2
      vertex -2.886751345948129 -5 23.2
    endloop
  endfacet
  facet normal 0 0 1
    outer loop
      vertex -2.886751345948129 -5 23.2
      vertex -0.4181138530706139 -3.978087581473093 23.2
      vertex -0.6257378601609235 -3.950753362380551 23.2
    endloop
  endfacet
  facet normal 0 0 1
    outer loop
      vertex -2.886751345948129 -5 23.2
      vertex -0.20934382497177534 -3.9945181390182953 23.2
      vertex -0.4181138530706139 -3.978087581473093 23.2
    endloop
  endfacet
  facet normal 0 0 1
    outer loop
      vertex -2.886751345948129 -5 23.2
      vertex 0 -4 23.2
      vertex -0.20934382497177534 -3.9945181390182953 23.2
    endloop
  endfacet
  facet normal 0 0 1
    outer loop
      vertex -2.886751345948129 -5 23.2
      vertex 0.20934382497177534 -3.9945181390182953 23.2
      vertex 0 -4 23.2
    endloop
  endfacet
  facet normal 0 0 1
    outer loop
      vertex -2.886751345948129 -5 23.2
      vertex 0.4181138530706139 -3.978087581473093 23.2
      vertex 0.20934382497177534 -3.9945181390182953 23.2
    endloop
  endfacet
  facet normal 0 0 1
    outer loop
      vertex -2.886751345948129 -5 23.2
      vertex 0.6257378601609235 -3.950753362380551 23.2
      vertex 0.4181138530706139 -3.978087581473093 23.2
    endloop
  endfacet
  facet normal -0.7604059656000315 -0.649448048330183 0
    outer loop
      vertex -3.1085838458278836 -2.5172815641993496 23.2
      vertex -2.972579301909577 -2.676522425435433 23.2
      vertex -2.972579301909577 -2.676522425435433 58
    endloop
  endfacet
  facet normal -0.7253743710122882 -0.6883545756937532 0
    outer loop
      vertex -2.972579301909577 -2.676522425435433 23.2
      vertex -2.8284271247461903 -2.8284271247461903 58
      vertex -2.972579301909577 -2.676522425435433 58
    endloop
  endfacet
  facet normal -0.7604059656000315 -0.649448048330183 0
    outer loop
      vertex -3.1085838458278836 -2.5172815641993496 23.2
      vertex -2.972579301909577 -2.676522425435433 58
      vertex -3.1085838458278836 -2.5172815641993496 58
    endloop
  endfacet
  facet normal -0.9238795325112867 -0.3826834323650901 0
    outer loop
      vertex -3.6541818305704035 -1.6269465723032008 23.2
      vertex -3.6541818305704035 -1.6269465723032008 58
      vertex -3.734321705988807 -1.433471798181201 23.2
    endloop
  endfacet
  facet normal -0.9426414910921787 -0.3338068592337702 0
    outer loop
      vertex -3.734321705988807 -1.433471798181201 23.2
      vertex -3.734321705988807 -1.433471798181201 58
      vertex -3.804226065180614 -1.2360679774997896 23.2
    endloop
  endfacet
  facet normal -0.8241261886220157 -0.5664062369248327 0
    outer loop
      vertex -3.354682271781696 -2.1785561400601083 23.2
      vertex -3.23606797749979 -2.3511410091698925 23.2
      vertex -3.23606797749979 -2.3511410091698925 58
    endloop
  endfacet
  facet normal -0.8788171126619648 -0.4771587602596094 0
    outer loop
      vertex -3.4641016151377544 -2 23.2
      vertex -3.4641016151377544 -2 58
      vertex -3.5640260967534716 -1.815961998958187 23.2
    endloop
  endfacet
  facet normal -0.8526401643540928 -0.5224985647159478 0
    outer loop
      vertex -3.4641016151377544 -2 23.2
      vertex -3.354682271781696 -2.1785561400601083 23.2
      vertex -3.354682271781696 -2.1785561400601083 58
    endloop
  endfacet
  facet normal -0.7933533402912347 -0.6087614290087214 0
    outer loop
      vertex -3.1085838458278836 -2.5172815641993496 23.2
      vertex -3.1085838458278836 -2.5172815641993496 58
      vertex -3.23606797749979 -2.3511410091698925 23.2
    endloop
  endfacet
  facet normal -0.9025852843498609 -0.43051109680829447 0
    outer loop
      vertex -3.6541818305704035 -1.6269465723032008 23.2
      vertex -3.5640260967534716 -1.815961998958187 23.2
      vertex -3.5640260967534716 -1.815961998958187 58
    endloop
  endfacet
  facet normal -0.9588197348681926 -0.28401534470392376 0
    outer loop
      vertex -3.804226065180614 -1.2360679774997896 23.2
      vertex -3.804226065180614 -1.2360679774997896 58
      vertex -3.8637033051562732 -1.035276180410083 23.2
    endloop
  endfacet
  facet normal -0.9723699203976764 -0.233445363855906 0
    outer loop
      vertex -3.8637033051562732 -1.035276180410083 23.2
      vertex -3.8637033051562732 -1.035276180410083 58
      vertex -3.9125904029352228 -0.8316467632710374 23.2
    endloop
  endfacet
  facet normal -0.9832549075639546 -0.1822355254921473 0
    outer loop
      vertex -3.9125904029352228 -0.8316467632710374 23.2
      vertex -3.9125904029352228 -0.8316467632710374 58
      vertex -3.950753362380551 -0.6257378601609235 23.2
    endloop
  endfacet
  facet normal -0.9969173337331279 -0.07845909572784507 0
    outer loop
      vertex -3.978087581473093 -0.4181138530706139 23.2
      vertex -3.978087581473093 -0.4181138530706139 58
      vertex -3.9945181390182953 -0.20934382497177534 23.2
    endloop
  endfacet
  facet normal -0.9996573249755573 -0.026176948307873923 0
    outer loop
      vertex -3.9945181390182953 -0.20934382497177534 23.2
      vertex -3.9945181390182953 -0.20934382497177534 58
      vertex -4 0 23.2
    endloop
  endfacet
  facet normal -0.9914448613738106 -0.13052619222004988 0
    outer loop
      vertex -3.950753362380551 -0.6257378601609235 23.2
      vertex -3.950753362380551 -0.6257378601609235 58
      vertex -3.978087581473093 -0.4181138530706139 23.2
    endloop
  endfacet
  facet normal -0.9025852843498609 -0.43051109680829447 0
    outer loop
      vertex -3.6541818305704035 -1.6269465723032008 23.2
      vertex -3.5640260967534716 -1.815961998958187 58
      vertex -3.6541818305704035 -1.6269465723032008 58
    endloop
  endfacet
  facet normal -0.9238795325112867 -0.3826834323650901 0
    outer loop
      vertex -3.734321705988807 -1.433471798181201 23.2
      vertex -3.6541818305704035 -1.6269465723032008 58
      vertex -3.734321705988807 -1.433471798181201 58
    endloop
  endfacet
  facet normal -0.9426414910921787 -0.3338068592337702 0
    outer loop
      vertex -3.804226065180614 -1.2360679774997896 23.2
      vertex -3.734321705988807 -1.433471798181201 58
      vertex -3.804226065180614 -1.2360679774997896 58
    endloop
  endfacet
  facet normal -0.8241261886220157 -0.5664062369248327 0
    outer loop
      vertex -3.354682271781696 -2.1785561400601083 23.2
      vertex -3.23606797749979 -2.3511410091698925 58
      vertex -3.354682271781696 -2.1785561400601083 58
    endloop
  endfacet
  facet normal -0.8788171126619648 -0.4771587602596094 0
    outer loop
      vertex -3.5640260967534716 -1.815961998958187 23.2
      vertex -3.4641016151377544 -2 58
      vertex -3.5640260967534716 -1.815961998958187 58
    endloop
  endfacet
  facet normal -0.8526401643540928 -0.5224985647159478 0
    outer loop
      vertex -3.4641016151377544 -2 23.2
      vertex -3.354682271781696 -2.1785561400601083 58
      vertex -3.4641016151377544 -2 58
    endloop
  endfacet
  facet normal -0.7933533402912347 -0.6087614290087214 0
    outer loop
      vertex -3.23606797749979 -2.3511410091698925 23.2
      vertex -3.1085838458278836 -2.5172815641993496 58
      vertex -3.23606797749979 -2.3511410091698925 58
    endloop
  endfacet
  facet normal -0.9588197348681926 -0.28401534470392376 0
    outer loop
      vertex -3.8637033051562732 -1.035276180410083 23.2
      vertex -3.804226065180614 -1.2360679774997896 58
      vertex -3.8637033051562732 -1.035276180410083 58
    endloop
  endfacet
  facet normal -0.9723699203976764 -0.233445363855906 0
    outer loop
      vertex -3.9125904029352228 -0.8316467632710374 23.2
      vertex -3.8637033051562732 -1.035276180410083 58
      vertex -3.9125904029352228 -0.8316467632710374 58
    endloop
  endfacet
  facet normal -0.9832549075639546 -0.1822355254921473 0
    outer loop
      vertex -3.950753362380551 -0.6257378601609235 23.2
      vertex -3.9125904029352228 -0.8316467632710374 58
      vertex -3.950753362380551 -0.6257378601609235 58
    endloop
  endfacet
  facet normal -0.9969173337331279 -0.07845909572784507 0
    outer loop
      vertex -3.9945181390182953 -0.20934382497177534 23.2
      vertex -3.978087581473093 -0.4181138530706139 58
      vertex -3.9945181390182953 -0.20934382497177534 58
    endloop
  endfacet
  facet normal -0.9996573249755573 -0.026176948307873923 0
    outer loop
      vertex -3.9945181390182953 -0.20934382497177534 58
      vertex -4 0 58
      vertex -4 0 23.2
    endloop
  endfacet
  facet normal -0.9914448613738106 -0.13052619222004988 0
    outer loop
      vertex -3.978087581473093 -0.4181138530706139 23.2
      vertex -3.950753362380551 -0.6257378601609235 58
      vertex -3.978087581473093 -0.4181138530706139 58
    endloop
  endfacet
  facet normal 0 0 1
    outer loop
      vertex -3.978087581473093 -0.4181138530706139 58
      vertex -3.9945181390182953 0.20934382497177534 58
      vertex -3.9945181390182953 -0.20934382497177534 58
    endloop
  endfacet
  facet normal 0 0 1
    outer loop
      vertex -3.8637033051562732 -1.035276180410083 58
      vertex -3.9125904029352228 0.8316467632710374 58
      vertex -3.9125904029352228 -0.8316467632710374 58
    endloop
  endfacet
  facet normal 0 0 1
    outer loop
      vertex -3.804226065180614 -1.2360679774997896 58
      vertex -3.8637033051562732 1.035276180410083 58
      vertex -3.8637033051562732 -1.035276180410083 58
    endloop
  endfacet
  facet normal 0 0 1
    outer loop
      vertex -3.734321705988807 -1.433471798181201 58
      vertex -3.804226065180614 1.2360679774997896 58
      vertex -3.804226065180614 -1.2360679774997896 58
    endloop
  endfacet
  facet normal 0 0 1
    outer loop
      vertex -3.6541818305704035 -1.6269465723032008 58
      vertex -3.734321705988807 1.433471798181201 58
      vertex -3.734321705988807 -1.433471798181201 58
    endloop
  endfacet
  facet normal 0 0 1
    outer loop
      vertex -3.6541818305704035 -1.6269465723032008 58
      vertex -3.5640260967534716 -1.815961998958187 58
      vertex -3.6541818305704035 1.6269465723032008 58
    endloop
  endfacet
  facet normal 0 0 1
    outer loop
      vertex -3.9125904029352228 -0.8316467632710374 58
      vertex -3.950753362380551 0.6257378601609235 58
      vertex -3.950753362380551 -0.6257378601609235 58
    endloop
  endfacet
  facet normal 0 0 1
    outer loop
      vertex -3.950753362380551 -0.6257378601609235 58
      vertex -3.978087581473093 0.4181138530706139 58
      vertex -3.978087581473093 -0.4181138530706139 58
    endloop
  endfacet
  facet normal 0 0 1
    outer loop
      vertex -3.4641016151377544 -2 58
      vertex -3.5640260967534716 1.815961998958187 58
      vertex -3.5640260967534716 -1.815961998958187 58
    endloop
  endfacet
  facet normal 0 0 1
    outer loop
      vertex -3.354682271781696 -2.1785561400601083 58
      vertex -3.23606797749979 -2.3511410091698925 58
      vertex -3.354682271781696 2.1785561400601083 58
    endloop
  endfacet
  facet normal 0 0 1
    outer loop
      vertex -3.4641016151377544 -2 58
      vertex -3.354682271781696 -2.1785561400601083 58
      vertex -3.4641016151377544 2 58
    endloop
  endfacet
  facet normal 0 0 1
    outer loop
      vertex -2.972579301909577 -2.676522425435433 58
      vertex -2.8284271247461903 -2.8284271247461903 58
      vertex -2.972579301909577 2.676522425435433 58
    endloop
  endfacet
  facet normal 0 0 1
    outer loop
      vertex -3.1085838458278836 -2.5172815641993496 58
      vertex -3.23606797749979 2.3511410091698925 58
      vertex -3.23606797749979 -2.3511410091698925 58
    endloop
  endfacet
  facet normal 0 0 1
    outer loop
      vertex -3.1085838458278836 -2.5172815641993496 58
      vertex -2.972579301909577 -2.676522425435433 58
      vertex -3.1085838458278836 2.5172815641993496 58
    endloop
  endfacet
  facet normal -0.6087614290087214 -0.7933533402912347 0
    outer loop
      vertex -2.3511410091698925 -3.23606797749979 23.2
      vertex -2.3511410091698925 -3.23606797749979 58
      vertex -2.5172815641993496 -3.1085838458278836 23.2
    endloop
  endfacet
  facet normal -0.5664062369248327 -0.8241261886220157 0
    outer loop
      vertex -2.3511410091698925 -3.23606797749979 23.2
      vertex -2.1785561400601083 -3.354682271781696 23.2
      vertex -2.1785561400601083 -3.354682271781696 58
    endloop
  endfacet
  facet normal -0.6883545756937532 -0.7253743710122882 0
    outer loop
      vertex -2.8284271247461903 -2.8284271247461903 23.2
      vertex -2.676522425435433 -2.972579301909577 23.2
      vertex -2.676522425435433 -2.972579301909577 58
    endloop
  endfacet
  facet normal -0.649448048330183 -0.7604059656000315 0
    outer loop
      vertex -2.676522425435433 -2.972579301909577 23.2
      vertex -2.5172815641993496 -3.1085838458278836 23.2
      vertex -2.5172815641993496 -3.1085838458278836 58
    endloop
  endfacet
  facet normal -0.7253743710122882 -0.6883545756937532 0
    outer loop
      vertex -2.972579301909577 -2.676522425435433 23.2
      vertex -2.8284271247461903 -2.8284271247461903 23.2
      vertex -2.8284271247461903 -2.8284271247461903 58
    endloop
  endfacet
  facet normal -0.4771587602596094 -0.8788171126619648 0
    outer loop
      vertex -2 -3.4641016151377544 23.2
      vertex -1.815961998958187 -3.5640260967534716 23.2
      vertex -1.815961998958187 -3.5640260967534716 58
    endloop
  endfacet
  facet normal -0.5224985647159478 -0.8526401643540928 0
    outer loop
      vertex -2.1785561400601083 -3.354682271781696 23.2
      vertex -2 -3.4641016151377544 23.2
      vertex -2 -3.4641016151377544 58
    endloop
  endfacet
  facet normal -0.43051109680829447 -0.9025852843498609 0
    outer loop
      vertex -1.815961998958187 -3.5640260967534716 23.2
      vertex -1.6269465723032008 -3.6541818305704035 23.2
      vertex -1.6269465723032008 -3.6541818305704035 58
    endloop
  endfacet
  facet normal -0.3826834323650901 -0.9238795325112867 0
    outer loop
      vertex -1.6269465723032008 -3.6541818305704035 23.2
      vertex -1.433471798181201 -3.734321705988807 23.2
      vertex -1.433471798181201 -3.734321705988807 58
    endloop
  endfacet
  facet normal -0.3338068592337702 -0.9426414910921787 0
    outer loop
      vertex -1.2360679774997896 -3.804226065180614 23.2
      vertex -1.2360679774997896 -3.804226065180614 58
      vertex -1.433471798181201 -3.734321705988807 23.2
    endloop
  endfacet
  facet normal -0.28401534470392376 -0.9588197348681926 0
    outer loop
      vertex -1.2360679774997896 -3.804226065180614 23.2
      vertex -1.035276180410083 -3.8637033051562732 23.2
      vertex -1.035276180410083 -3.8637033051562732 58
    endloop
  endfacet
  facet normal -0.233445363855906 -0.9723699203976764 0
    outer loop
      vertex -1.035276180410083 -3.8637033051562732 23.2
      vertex -0.8316467632710374 -3.9125904029352228 23.2
      vertex -0.8316467632710374 -3.9125904029352228 58
    endloop
  endfacet
  facet normal -0.1822355254921473 -0.9832549075639546 0
    outer loop
      vertex -0.8316467632710374 -3.9125904029352228 23.2
      vertex -0.6257378601609235 -3.950753362380551 23.2
      vertex -0.6257378601609235 -3.950753362380551 58
    endloop
  endfacet
  facet normal -0.13052619222004988 -0.9914448613738106 0
    outer loop
      vertex -0.6257378601609235 -3.950753362380551 23.2
      vertex -0.4181138530706139 -3.978087581473093 23.2
      vertex -0.4181138530706139 -3.978087581473093 58
    endloop
  endfacet
  facet normal -0.07845909572784507 -0.9969173337331279 0
    outer loop
      vertex -0.4181138530706139 -3.978087581473093 23.2
      vertex -0.20934382497177534 -3.9945181390182953 23.2
      vertex -0.20934382497177534 -3.9945181390182953 58
    endloop
  endfacet
  facet normal -0.026176948307873923 -0.9996573249755573 0
    outer loop
      vertex -0.20934382497177534 -3.9945181390182953 23.2
      vertex 0 -4 23.2
      vertex 0 -4 58
    endloop
  endfacet
  facet normal -0.6087614290087214 -0.7933533402912347 0
    outer loop
      vertex -2.5172815641993496 -3.1085838458278836 23.2
      vertex -2.3511410091698925 -3.23606797749979 58
      vertex -2.5172815641993496 -3.1085838458278836 58
    endloop
  endfacet
  facet normal -0.5664062369248327 -0.8241261886220157 0
    outer loop
      vertex -2.3511410091698925 -3.23606797749979 23.2
      vertex -2.1785561400601083 -3.354682271781696 58
      vertex -2.3511410091698925 -3.23606797749979 58
    endloop
  endfacet
  facet normal -0.6883545756937532 -0.7253743710122882 0
    outer loop
      vertex -2.8284271247461903 -2.8284271247461903 23.2
      vertex -2.676522425435433 -2.972579301909577 58
      vertex -2.8284271247461903 -2.8284271247461903 58
    endloop
  endfacet
  facet normal -0.649448048330183 -0.7604059656000315 0
    outer loop
      vertex -2.676522425435433 -2.972579301909577 23.2
      vertex -2.5172815641993496 -3.1085838458278836 58
      vertex -2.676522425435433 -2.972579301909577 58
    endloop
  endfacet
  facet normal -0.4771587602596094 -0.8788171126619648 0
    outer loop
      vertex -2 -3.4641016151377544 23.2
      vertex -1.815961998958187 -3.5640260967534716 58
      vertex -2 -3.4641016151377544 58
    endloop
  endfacet
  facet normal -0.5224985647159478 -0.8526401643540928 0
    outer loop
      vertex -2.1785561400601083 -3.354682271781696 23.2
      vertex -2 -3.4641016151377544 58
      vertex -2.1785561400601083 -3.354682271781696 58
    endloop
  endfacet
  facet normal -0.43051109680829447 -0.9025852843498609 0
    outer loop
      vertex -1.815961998958187 -3.5640260967534716 23.2
      vertex -1.6269465723032008 -3.6541818305704035 58
      vertex -1.815961998958187 -3.5640260967534716 58
    endloop
  endfacet
  facet normal -0.3826834323650901 -0.9238795325112867 0
    outer loop
      vertex -1.6269465723032008 -3.6541818305704035 23.2
      vertex -1.433471798181201 -3.734321705988807 58
      vertex -1.6269465723032008 -3.6541818305704035 58
    endloop
  endfacet
  facet normal -0.3338068592337702 -0.9426414910921787 0
    outer loop
      vertex -1.433471798181201 -3.734321705988807 23.2
      vertex -1.2360679774997896 -3.804226065180614 58
      vertex -1.433471798181201 -3.734321705988807 58
    endloop
  endfacet
  facet normal -0.28401534470392376 -0.9588197348681926 0
    outer loop
      vertex -1.2360679774997896 -3.804226065180614 23.2
      vertex -1.035276180410083 -3.8637033051562732 58
      vertex -1.2360679774997896 -3.804226065180614 58
    endloop
  endfacet
  facet normal -0.233445363855906 -0.9723699203976764 0
    outer loop
      vertex -1.035276180410083 -3.8637033051562732 23.2
      vertex -0.8316467632710374 -3.9125904029352228 58
      vertex -1.035276180410083 -3.8637033051562732 58
    endloop
  endfacet
  facet normal -0.1822355254921473 -0.9832549075639546 0
    outer loop
      vertex -0.8316467632710374 -3.9125904029352228 23.2
      vertex -0.6257378601609235 -3.950753362380551 58
      vertex -0.8316467632710374 -3.9125904029352228 58
    endloop
  endfacet
  facet normal -0.13052619222004988 -0.9914448613738106 0
    outer loop
      vertex -0.6257378601609235 -3.950753362380551 23.2
      vertex -0.4181138530706139 -3.978087581473093 58
      vertex -0.6257378601609235 -3.950753362380551 58
    endloop
  endfacet
  facet normal -0.07845909572784507 -0.9969173337331279 0
    outer loop
      vertex -0.4181138530706139 -3.978087581473093 23.2
      vertex -0.20934382497177534 -3.9945181390182953 58
      vertex -0.4181138530706139 -3.978087581473093 58
    endloop
  endfacet
  facet normal -0.026176948307873923 -0.9996573249755573 0
    outer loop
      vertex -0.20934382497177534 -3.9945181390182953 23.2
      vertex 0 -4 58
      vertex -0.20934382497177534 -3.9945181390182953 58
    endloop
  endfacet
  facet normal 0 0 1
    outer loop
      vertex -1.2360679774997896 -3.804226065180614 58
      vertex -1.035276180410083 -3.8637033051562732 58
      vertex -1.1147172382160915 -1.0036959095382874 58
    endloop
  endfacet
  facet normal 0 0 1
    outer loop
      vertex -1.2360679774997896 -3.804226065180614 58
      vertex -1.336509786282552 -0.6809857496093201 58
      vertex -1.433471798181201 -3.734321705988807 58
    endloop
  endfacet
  facet normal 0 0 1
    outer loop
      vertex -1.035276180410083 -3.8637033051562732 58
      vertex -0.8316467632710374 -3.9125904029352228 58
      vertex -0.9439805865747561 -1.1657189421854564 58
    endloop
  endfacet
  facet normal 0 0 1
    outer loop
      vertex -0.8316467632710374 -3.9125904029352228 58
      vertex -0.6257378601609235 -3.950753362380551 58
      vertex -0.75 -1.299038105676658 58
    endloop
  endfacet
  facet normal 0 0 1
    outer loop
      vertex -0.4181138530706139 -3.978087581473093 58
      vertex -0.20934382497177534 -3.9945181390182953 58
      vertex -0.311867536226639 -1.4672214011007085 58
    endloop
  endfacet
  facet normal 0 0 1
    outer loop
      vertex -0.20934382497177534 -3.9945181390182953 58
      vertex 0 -4 58
      vertex -0.07850393436441575 -1.4979443021318608 58
    endloop
  endfacet
  facet normal 0 0 1
    outer loop
      vertex -0.6257378601609235 -3.950753362380551 58
      vertex -0.4181138530706139 -3.978087581473093 58
      vertex -0.5375519243179504 -1.4003706397458027 58
    endloop
  endfacet
  facet normal 0 0 1
    outer loop
      vertex -1.433471798181201 -3.734321705988807 58
      vertex -1.4488887394336025 -0.3882285676537811 58
      vertex -1.4672214011007085 -0.311867536226639 58
    endloop
  endfacet
  facet normal 0 0 1
    outer loop
      vertex -1.433471798181201 -3.734321705988807 58
      vertex -1.4672214011007085 -0.311867536226639 58
      vertex -1.4815325108927067 -0.23465169756034632 58
    endloop
  endfacet
  facet normal 0 0 1
    outer loop
      vertex -1.433471798181201 -3.734321705988807 58
      vertex -1.4815325108927067 -0.23465169756034632 58
      vertex -1.4917828430524098 -0.1567926949014802 58
    endloop
  endfacet
  facet normal 0 0 1
    outer loop
      vertex -1.433471798181201 -3.734321705988807 58
      vertex -1.4917828430524098 -0.1567926949014802 58
      vertex -1.4979443021318608 -0.07850393436441575 58
    endloop
  endfacet
  facet normal 0 0 1
    outer loop
      vertex -1.433471798181201 -3.734321705988807 58
      vertex -1.4979443021318608 -0.07850393436441575 58
      vertex -1.5 0 58
    endloop
  endfacet
  facet normal 0 0 1
    outer loop
      vertex -2.8284271247461903 -2.8284271247461903 58
      vertex -2.676522425435433 -2.972579301909577 58
      vertex -2.8284271247461903 2.8284271247461903 58
    endloop
  endfacet
  facet normal 0 0 1
    outer loop
      vertex -2.676522425435433 -2.972579301909577 58
      vertex -2.5172815641993496 -3.1085838458278836 58
      vertex -2.676522425435433 2.972579301909577 58
    endloop
  endfacet
  facet normal 0 0 1
    outer loop
      vertex -2.3511410091698925 -3.23606797749979 58
      vertex -2.5172815641993496 3.1085838458278836 58
      vertex -2.5172815641993496 -3.1085838458278836 58
    endloop
  endfacet
  facet normal 0 0 1
    outer loop
      vertex -2.3511410091698925 -3.23606797749979 58
      vertex -2.1785561400601083 -3.354682271781696 58
      vertex -2.3511410091698925 3.23606797749979 58
    endloop
  endfacet
  facet normal 0 0 1
    outer loop
      vertex -2.1785561400601083 -3.354682271781696 58
      vertex -2 -3.4641016151377544 58
      vertex -2.1785561400601083 3.354682271781696 58
    endloop
  endfacet
  facet normal 0 0 1
    outer loop
      vertex -2 -3.4641016151377544 58
      vertex -1.815961998958187 -3.5640260967534716 58
      vertex -2 3.4641016151377544 58
    endloop
  endfacet
  facet normal 0 0 1
    outer loop
      vertex -1.815961998958187 -3.5640260967534716 58
      vertex -1.6269465723032008 -3.6541818305704035 58
      vertex -1.815961998958187 3.5640260967534716 58
    endloop
  endfacet
  facet normal 0 0 1
    outer loop
      vertex -1.6269465723032008 -3.6541818305704035 58
      vertex -1.433471798181201 -3.734321705988807 58
      vertex -1.6269465723032008 3.6541818305704035 58
    endloop
  endfacet
  facet normal 0.9723699203976767 0.23344536385590525 0
    outer loop
      vertex -1.4488887394336025 -0.3882285676537811 57
      vertex -1.4672214011007085 -0.311867536226639 57
      vertex -1.4672214011007085 -0.311867536226639 58
    endloop
  endfacet
  facet normal 0.9723699203976767 0.23344536385590525 0
    outer loop
      vertex -1.4488887394336025 -0.3882285676537811 57
      vertex -1.4672214011007085 -0.311867536226639 58
      vertex -1.4488887394336025 -0.3882285676537811 58
    endloop
  endfacet
  facet normal 0.9832549075639545 0.1822355254921474 0
    outer loop
      vertex -1.4672214011007085 -0.311867536226639 57
      vertex -1.4815325108927067 -0.23465169756034632 57
      vertex -1.4815325108927067 -0.23465169756034632 58
    endloop
  endfacet
  facet normal 0.9832549075639545 0.1822355254921474 0
    outer loop
      vertex -1.4672214011007085 -0.311867536226639 57
      vertex -1.4815325108927067 -0.23465169756034632 58
      vertex -1.4672214011007085 -0.311867536226639 58
    endloop
  endfacet
  facet normal 0.9914448613738109 0.13052619222004846 0
    outer loop
      vertex -1.4815325108927067 -0.23465169756034632 57
      vertex -1.4917828430524098 -0.1567926949014802 57
      vertex -1.4917828430524098 -0.1567926949014802 58
    endloop
  endfacet
  facet normal 0.9914448613738109 0.13052619222004846 0
    outer loop
      vertex -1.4815325108927067 -0.23465169756034632 57
      vertex -1.4917828430524098 -0.1567926949014802 58
      vertex -1.4815325108927067 -0.23465169756034632 58
    endloop
  endfacet
  facet normal 0 0 1
    outer loop
      vertex -1.4672214011007085 -0.311867536226639 57
      vertex -1.4672214011007085 0.311867536226639 57
      vertex -1.4815325108927067 -0.23465169756034632 57
    endloop
  endfacet
  facet normal 0 0 1
    outer loop
      vertex -1.4488887394336025 -0.3882285676537811 57
      vertex -1.4488887394336025 0.3882285676537811 57
      vertex -1.4672214011007085 -0.311867536226639 57
    endloop
  endfacet
  facet normal 0 0 1
    outer loop
      vertex -1.4917828430524098 -0.1567926949014802 57
      vertex -1.4917828430524098 0.1567926949014802 57
      vertex -1.4979443021318608 -0.07850393436441575 57
    endloop
  endfacet
  facet normal 0 0 1
    outer loop
      vertex -1.4815325108927067 -0.23465169756034632 57
      vertex -1.4815325108927067 0.23465169756034632 57
      vertex -1.4917828430524098 -0.1567926949014802 57
    endloop
  endfacet
  facet normal 0.9969173337331279 0.07845909572784718 0
    outer loop
      vertex -1.4917828430524098 -0.1567926949014802 57
      vertex -1.4979443021318608 -0.07850393436441575 57
      vertex -1.4979443021318608 -0.07850393436441575 58
    endloop
  endfacet
  facet normal 0.9969173337331279 0.07845909572784718 0
    outer loop
      vertex -1.4917828430524098 -0.1567926949014802 57
      vertex -1.4979443021318608 -0.07850393436441575 58
      vertex -1.4917828430524098 -0.1567926949014802 58
    endloop
  endfacet
  facet normal 0.9996573249755571 0.02617694830787322 0
    outer loop
      vertex -1.4979443021318608 -0.07850393436441575 57
      vertex -1.5 0 57
      vertex -1.5 0 58
    endloop
  endfacet
  facet normal 0.9996573249755571 0.02617694830787322 0
    outer loop
      vertex -1.4979443021318608 -0.07850393436441575 57
      vertex -1.5 0 58
      vertex -1.4979443021318608 -0.07850393436441575 58
    endloop
  endfacet
  facet normal 0 0 1
    outer loop
      vertex -1.433471798181201 -3.734321705988807 58
      vertex -1.5 0 58
      vertex -1.6269465723032008 3.6541818305704035 58
    endloop
  endfacet
  facet normal 0 0 1
    outer loop
      vertex -1.2360679774997896 -3.804226065180614 58
      vertex -1.1657189421854564 -0.9439805865747561 58
      vertex -1.2135254915624212 -0.8816778784387097 58
    endloop
  endfacet
  facet normal 0 0 1
    outer loop
      vertex -1.2360679774997896 -3.804226065180614 58
      vertex -1.1147172382160915 -1.0036959095382874 58
      vertex -1.1657189421854564 -0.9439805865747561 58
    endloop
  endfacet
  facet normal 0 0 1
    outer loop
      vertex -1.035276180410083 -3.8637033051562732 58
      vertex -0.9439805865747561 -1.1657189421854564 58
      vertex -1.0036959095382874 -1.1147172382160915 58
    endloop
  endfacet
  facet normal 0 0 1
    outer loop
      vertex -1.035276180410083 -3.8637033051562732 58
      vertex -1.0606601717798214 -1.0606601717798214 58
      vertex -1.1147172382160915 -1.0036959095382874 58
    endloop
  endfacet
  facet normal 0 0 1
    outer loop
      vertex -1.035276180410083 -3.8637033051562732 58
      vertex -1.0036959095382874 -1.1147172382160915 58
      vertex -1.0606601717798214 -1.0606601717798214 58
    endloop
  endfacet
  facet normal 0 0 1
    outer loop
      vertex -0.8316467632710374 -3.9125904029352228 58
      vertex -0.8169585525225407 -1.258005851918136 58
      vertex -0.8816778784387097 -1.2135254915624212 58
    endloop
  endfacet
  facet normal 0 0 1
    outer loop
      vertex -0.8316467632710374 -3.9125904029352228 58
      vertex -0.8816778784387097 -1.2135254915624212 58
      vertex -0.9439805865747561 -1.1657189421854564 58
    endloop
  endfacet
  facet normal 0 0 1
    outer loop
      vertex -0.8316467632710374 -3.9125904029352228 58
      vertex -0.75 -1.299038105676658 58
      vertex -0.8169585525225407 -1.258005851918136 58
    endloop
  endfacet
  facet normal 0 0 1
    outer loop
      vertex -1.2360679774997896 -3.804226065180614 58
      vertex -1.258005851918136 -0.8169585525225407 58
      vertex -1.299038105676658 -0.75 58
    endloop
  endfacet
  facet normal 0 0 1
    outer loop
      vertex -1.2360679774997896 -3.804226065180614 58
      vertex -1.299038105676658 -0.75 58
      vertex -1.336509786282552 -0.6809857496093201 58
    endloop
  endfacet
  facet normal 0 0 1
    outer loop
      vertex -1.433471798181201 -3.734321705988807 58
      vertex -1.336509786282552 -0.6809857496093201 58
      vertex -1.3703181864639014 -0.6101049646137003 58
    endloop
  endfacet
  facet normal 0 0 1
    outer loop
      vertex -1.433471798181201 -3.734321705988807 58
      vertex -1.3703181864639014 -0.6101049646137003 58
      vertex -1.4003706397458027 -0.5375519243179504 58
    endloop
  endfacet
  facet normal 0 0 1
    outer loop
      vertex -1.433471798181201 -3.734321705988807 58
      vertex -1.4003706397458027 -0.5375519243179504 58
      vertex -1.4265847744427302 -0.46352549156242107 58
    endloop
  endfacet
  facet normal 0 0 1
    outer loop
      vertex -1.2360679774997896 -3.804226065180614 58
      vertex -1.2135254915624212 -0.8816778784387097 58
      vertex -1.258005851918136 -0.8169585525225407 58
    endloop
  endfacet
  facet normal 0 0 1
    outer loop
      vertex -1.433471798181201 -3.734321705988807 58
      vertex -1.4265847744427302 -0.46352549156242107 58
      vertex -1.4488887394336025 -0.3882285676537811 58
    endloop
  endfacet
  facet normal 0.5224985647159486 0.8526401643540925 0
    outer loop
      vertex -0.8169585525225407 -1.258005851918136 57
      vertex -0.8169585525225407 -1.258005851918136 58
      vertex -0.75 -1.299038105676658 57
    endloop
  endfacet
  facet normal 0.47715876025960885 0.8788171126619653 0
    outer loop
      vertex -0.6809857496093201 -1.336509786282552 57
      vertex -0.75 -1.299038105676658 57
      vertex -0.75 -1.299038105676658 58
    endloop
  endfacet
  facet normal 0.5224985647159486 0.8526401643540925 0
    outer loop
      vertex -0.75 -1.299038105676658 57
      vertex -0.8169585525225407 -1.258005851918136 58
      vertex -0.75 -1.299038105676658 58
    endloop
  endfacet
  facet normal 0 0 1
    outer loop
      vertex -0.6257378601609235 -3.950753362380551 58
      vertex -0.6809857496093201 -1.336509786282552 58
      vertex -0.75 -1.299038105676658 58
    endloop
  endfacet
  facet normal 0 0 1
    outer loop
      vertex -0.6257378601609235 -3.950753362380551 58
      vertex -0.6101049646137003 -1.3703181864639014 58
      vertex -0.6809857496093201 -1.336509786282552 58
    endloop
  endfacet
  facet normal 0 0 1
    outer loop
      vertex -0.6257378601609235 -3.950753362380551 58
      vertex -0.5375519243179504 -1.4003706397458027 58
      vertex -0.6101049646137003 -1.3703181864639014 58
    endloop
  endfacet
  facet normal 0 0 1
    outer loop
      vertex -0.4181138530706139 -3.978087581473093 58
      vertex -0.46352549156242107 -1.4265847744427302 58
      vertex -0.5375519243179504 -1.4003706397458027 58
    endloop
  endfacet
  facet normal 0 0 1
    outer loop
      vertex -0.4181138530706139 -3.978087581473093 58
      vertex -0.3882285676537811 -1.4488887394336025 58
      vertex -0.46352549156242107 -1.4265847744427302 58
    endloop
  endfacet
  facet normal 0 0 1
    outer loop
      vertex -0.4181138530706139 -3.978087581473093 58
      vertex -0.311867536226639 -1.4672214011007085 58
      vertex -0.3882285676537811 -1.4488887394336025 58
    endloop
  endfacet
  facet normal 0 0 1
    outer loop
      vertex -0.20934382497177534 -3.9945181390182953 58
      vertex -0.23465169756034632 -1.4815325108927067 58
      vertex -0.311867536226639 -1.4672214011007085 58
    endloop
  endfacet
  facet normal 0 0 1
    outer loop
      vertex -0.20934382497177534 -3.9945181390182953 58
      vertex -0.1567926949014802 -1.4917828430524098 58
      vertex -0.23465169756034632 -1.4815325108927067 58
    endloop
  endfacet
  facet normal 0 0 1
    outer loop
      vertex -0.20934382497177534 -3.9945181390182953 58
      vertex -0.07850393436441575 -1.4979443021318608 58
      vertex -0.1567926949014802 -1.4917828430524098 58
    endloop
  endfacet
  facet normal 0 0 1
    outer loop
      vertex 0 -4 58
      vertex 0 -1.5 58
      vertex -0.07850393436441575 -1.4979443021318608 58
    endloop
  endfacet
  facet normal 0.4305110968082946 0.9025852843498609 0
    outer loop
      vertex -0.6809857496093201 -1.336509786282552 57
      vertex -0.6809857496093201 -1.336509786282552 58
      vertex -0.6101049646137003 -1.3703181864639014 57
    endloop
  endfacet
  facet normal 0.4305110968082946 0.9025852843498609 0
    outer loop
      vertex -0.6101049646137003 -1.3703181864639014 57
      vertex -0.6809857496093201 -1.336509786282552 58
      vertex -0.6101049646137003 -1.3703181864639014 58
    endloop
  endfacet
  facet normal 0.47715876025960885 0.8788171126619653 0
    outer loop
      vertex -0.6809857496093201 -1.336509786282552 57
      vertex -0.75 -1.299038105676658 58
      vertex -0.6809857496093201 -1.336509786282552 58
    endloop
  endfacet
  facet normal 0.38268343236509 0.9238795325112867 0
    outer loop
      vertex -0.6101049646137003 -1.3703181864639014 57
      vertex -0.6101049646137003 -1.3703181864639014 58
      vertex -0.5375519243179504 -1.4003706397458027 57
    endloop
  endfacet
  facet normal 0.38268343236509 0.9238795325112867 0
    outer loop
      vertex -0.5375519243179504 -1.4003706397458027 57
      vertex -0.6101049646137003 -1.3703181864639014 58
      vertex -0.5375519243179504 -1.4003706397458027 58
    endloop
  endfacet
  facet normal 0.33380685923376885 0.9426414910921792 0
    outer loop
      vertex -0.5375519243179504 -1.4003706397458027 57
      vertex -0.5375519243179504 -1.4003706397458027 58
      vertex -0.46352549156242107 -1.4265847744427302 57
    endloop
  endfacet
  facet normal 0.33380685923376885 0.9426414910921792 0
    outer loop
      vertex -0.46352549156242107 -1.4265847744427302 57
      vertex -0.5375519243179504 -1.4003706397458027 58
      vertex -0.46352549156242107 -1.4265847744427302 58
    endloop
  endfacet
  facet normal 0.2840153447039252 0.9588197348681922 0
    outer loop
      vertex -0.46352549156242107 -1.4265847744427302 57
      vertex -0.46352549156242107 -1.4265847744427302 58
      vertex -0.3882285676537811 -1.4488887394336025 57
    endloop
  endfacet
  facet normal 0.23344536385590525 0.9723699203976767 0
    outer loop
      vertex -0.3882285676537811 -1.4488887394336025 57
      vertex -0.3882285676537811 -1.4488887394336025 58
      vertex -0.311867536226639 -1.4672214011007085 57
    endloop
  endfacet
  facet normal 0.2840153447039252 0.9588197348681922 0
    outer loop
      vertex -0.3882285676537811 -1.4488887394336025 57
      vertex -0.46352549156242107 -1.4265847744427302 58
      vertex -0.3882285676537811 -1.4488887394336025 58
    endloop
  endfacet
  facet normal 0.1822355254921474 0.9832549075639545 0
    outer loop
      vertex -0.311867536226639 -1.4672214011007085 57
      vertex -0.311867536226639 -1.4672214011007085 58
      vertex -0.23465169756034632 -1.4815325108927067 57
    endloop
  endfacet
  facet normal 0.23344536385590525 0.9723699203976767 0
    outer loop
      vertex -0.311867536226639 -1.4672214011007085 57
      vertex -0.3882285676537811 -1.4488887394336025 58
      vertex -0.311867536226639 -1.4672214011007085 58
    endloop
  endfacet
  facet normal 0.13052619222004846 0.9914448613738109 0
    outer loop
      vertex -0.23465169756034632 -1.4815325108927067 57
      vertex -0.23465169756034632 -1.4815325108927067 58
      vertex -0.1567926949014802 -1.4917828430524098 57
    endloop
  endfacet
  facet normal 0.13052619222004846 0.9914448613738109 0
    outer loop
      vertex -0.1567926949014802 -1.4917828430524098 57
      vertex -0.23465169756034632 -1.4815325108927067 58
      vertex -0.1567926949014802 -1.4917828430524098 58
    endloop
  endfacet
  facet normal 0.1822355254921474 0.9832549075639545 0
    outer loop
      vertex -0.23465169756034632 -1.4815325108927067 57
      vertex -0.311867536226639 -1.4672214011007085 58
      vertex -0.23465169756034632 -1.4815325108927067 58
    endloop
  endfacet
  facet normal 0.07845909572784718 0.9969173337331279 0
    outer loop
      vertex -0.1567926949014802 -1.4917828430524098 57
      vertex -0.1567926949014802 -1.4917828430524098 58
      vertex -0.07850393436441575 -1.4979443021318608 57
    endloop
  endfacet
  facet normal 0.07845909572784718 0.9969173337331279 0
    outer loop
      vertex -0.07850393436441575 -1.4979443021318608 57
      vertex -0.1567926949014802 -1.4917828430524098 58
      vertex -0.07850393436441575 -1.4979443021318608 58
    endloop
  endfacet
  facet normal 0.02617694830787322 0.9996573249755571 0
    outer loop
      vertex -0.07850393436441575 -1.4979443021318608 57
      vertex -0.07850393436441575 -1.4979443021318608 58
      vertex 0 -1.5 57
    endloop
  endfacet
  facet normal 0.02617694830787322 0.9996573249755571 0
    outer loop
      vertex 0 -1.5 57
      vertex -0.07850393436441575 -1.4979443021318608 58
      vertex 0 -1.5 58
    endloop
  endfacet
  facet normal 0.7253743710122882 0.6883545756937534 0
    outer loop
      vertex -1.0606601717798214 -1.0606601717798214 57
      vertex -1.1147172382160915 -1.0036959095382874 57
      vertex -1.1147172382160915 -1.0036959095382874 58
    endloop
  endfacet
  facet normal 0.7604059656000318 0.6494480483301824 0
    outer loop
      vertex -1.1657189421854564 -0.9439805865747561 57
      vertex -1.1657189421854564 -0.9439805865747561 58
      vertex -1.1147172382160915 -1.0036959095382874 57
    endloop
  endfacet
  facet normal 0.7604059656000318 0.6494480483301824 0
    outer loop
      vertex -1.1147172382160915 -1.0036959095382874 57
      vertex -1.1657189421854564 -0.9439805865747561 58
      vertex -1.1147172382160915 -1.0036959095382874 58
    endloop
  endfacet
  facet normal 0.8526401643540925 0.5224985647159486 0
    outer loop
      vertex -1.258005851918136 -0.8169585525225407 57
      vertex -1.299038105676658 -0.75 58
      vertex -1.258005851918136 -0.8169585525225407 58
    endloop
  endfacet
  facet normal 0.9025852843498609 0.4305110968082946 0
    outer loop
      vertex -1.336509786282552 -0.6809857496093201 57
      vertex -1.3703181864639014 -0.6101049646137003 57
      vertex -1.3703181864639014 -0.6101049646137003 58
    endloop
  endfacet
  facet normal 0.8788171126619653 0.47715876025960885 0
    outer loop
      vertex -1.336509786282552 -0.6809857496093201 57
      vertex -1.336509786282552 -0.6809857496093201 58
      vertex -1.299038105676658 -0.75 57
    endloop
  endfacet
  facet normal 0.8526401643540925 0.5224985647159486 0
    outer loop
      vertex -1.258005851918136 -0.8169585525225407 57
      vertex -1.299038105676658 -0.75 57
      vertex -1.299038105676658 -0.75 58
    endloop
  endfacet
  facet normal 0.8788171126619653 0.47715876025960885 0
    outer loop
      vertex -1.299038105676658 -0.75 57
      vertex -1.336509786282552 -0.6809857496093201 58
      vertex -1.299038105676658 -0.75 58
    endloop
  endfacet
  facet normal 0.9025852843498609 0.4305110968082946 0
    outer loop
      vertex -1.336509786282552 -0.6809857496093201 57
      vertex -1.3703181864639014 -0.6101049646137003 58
      vertex -1.336509786282552 -0.6809857496093201 58
    endloop
  endfacet
  facet normal 0.7933533402912348 0.6087614290087209 0
    outer loop
      vertex -1.1657189421854564 -0.9439805865747561 57
      vertex -1.2135254915624212 -0.8816778784387097 57
      vertex -1.2135254915624212 -0.8816778784387097 58
    endloop
  endfacet
  facet normal 0.8241261886220155 0.5664062369248329 0
    outer loop
      vertex -1.2135254915624212 -0.8816778784387097 57
      vertex -1.258005851918136 -0.8169585525225407 58
      vertex -1.2135254915624212 -0.8816778784387097 58
    endloop
  endfacet
  facet normal 0.7933533402912348 0.6087614290087209 0
    outer loop
      vertex -1.1657189421854564 -0.9439805865747561 57
      vertex -1.2135254915624212 -0.8816778784387097 58
      vertex -1.1657189421854564 -0.9439805865747561 58
    endloop
  endfacet
  facet normal 0.8241261886220155 0.5664062369248329 0
    outer loop
      vertex -1.258005851918136 -0.8169585525225407 57
      vertex -1.258005851918136 -0.8169585525225407 58
      vertex -1.2135254915624212 -0.8816778784387097 57
    endloop
  endfacet
  facet normal 0.6883545756937534 0.7253743710122882 0
    outer loop
      vertex -1.0036959095382874 -1.1147172382160915 57
      vertex -1.0606601717798214 -1.0606601717798214 58
      vertex -1.0036959095382874 -1.1147172382160915 58
    endloop
  endfacet
  facet normal 0.6087614290087209 0.7933533402912348 0
    outer loop
      vertex -0.9439805865747561 -1.1657189421854564 57
      vertex -0.9439805865747561 -1.1657189421854564 58
      vertex -0.8816778784387097 -1.2135254915624212 57
    endloop
  endfacet
  facet normal 0.6087614290087209 0.7933533402912348 0
    outer loop
      vertex -0.8816778784387097 -1.2135254915624212 57
      vertex -0.9439805865747561 -1.1657189421854564 58
      vertex -0.8816778784387097 -1.2135254915624212 58
    endloop
  endfacet
  facet normal 0.6494480483301824 0.7604059656000318 0
    outer loop
      vertex -0.9439805865747561 -1.1657189421854564 57
      vertex -1.0036959095382874 -1.1147172382160915 57
      vertex -1.0036959095382874 -1.1147172382160915 58
    endloop
  endfacet
  facet normal 0.6494480483301824 0.7604059656000318 0
    outer loop
      vertex -0.9439805865747561 -1.1657189421854564 57
      vertex -1.0036959095382874 -1.1147172382160915 58
      vertex -0.9439805865747561 -1.1657189421854564 58
    endloop
  endfacet
  facet normal 0.6883545756937534 0.7253743710122882 0
    outer loop
      vertex -1.0606601717798214 -1.0606601717798214 57
      vertex -1.0606601717798214 -1.0606601717798214 58
      vertex -1.0036959095382874 -1.1147172382160915 57
    endloop
  endfacet
  facet normal 0.7253743710122882 0.6883545756937534 0
    outer loop
      vertex -1.0606601717798214 -1.0606601717798214 57
      vertex -1.1147172382160915 -1.0036959095382874 58
      vertex -1.0606601717798214 -1.0606601717798214 58
    endloop
  endfacet
  facet normal 0.5664062369248329 0.8241261886220155 0
    outer loop
      vertex -0.8816778784387097 -1.2135254915624212 57
      vertex -0.8816778784387097 -1.2135254915624212 58
      vertex -0.8169585525225407 -1.258005851918136 57
    endloop
  endfacet
  facet normal 0.5664062369248329 0.8241261886220155 0
    outer loop
      vertex -0.8169585525225407 -1.258005851918136 57
      vertex -0.8816778784387097 -1.2135254915624212 58
      vertex -0.8169585525225407 -1.258005851918136 58
    endloop
  endfacet
  facet normal 0.9238795325112867 0.38268343236509 0
    outer loop
      vertex -1.3703181864639014 -0.6101049646137003 57
      vertex -1.4003706397458027 -0.5375519243179504 57
      vertex -1.4003706397458027 -0.5375519243179504 58
    endloop
  endfacet
  facet normal 0.9238795325112867 0.38268343236509 0
    outer loop
      vertex -1.3703181864639014 -0.6101049646137003 57
      vertex -1.4003706397458027 -0.5375519243179504 58
      vertex -1.3703181864639014 -0.6101049646137003 58
    endloop
  endfacet
  facet normal 0.9426414910921792 0.33380685923376885 0
    outer loop
      vertex -1.4265847744427302 -0.46352549156242107 57
      vertex -1.4265847744427302 -0.46352549156242107 58
      vertex -1.4003706397458027 -0.5375519243179504 57
    endloop
  endfacet
  facet normal 0.9426414910921792 0.33380685923376885 0
    outer loop
      vertex -1.4003706397458027 -0.5375519243179504 57
      vertex -1.4265847744427302 -0.46352549156242107 58
      vertex -1.4003706397458027 -0.5375519243179504 58
    endloop
  endfacet
  facet normal 0.9588197348681922 0.2840153447039252 0
    outer loop
      vertex -1.4265847744427302 -0.46352549156242107 57
      vertex -1.4488887394336025 -0.3882285676537811 57
      vertex -1.4488887394336025 -0.3882285676537811 58
    endloop
  endfacet
  facet normal 0.9588197348681922 0.2840153447039252 0
    outer loop
      vertex -1.4265847744427302 -0.46352549156242107 57
      vertex -1.4488887394336025 -0.3882285676537811 58
      vertex -1.4265847744427302 -0.46352549156242107 58
    endloop
  endfacet
  facet normal 0 0 1
    outer loop
      vertex -1.1657189421854564 -0.9439805865747561 57
      vertex -1.1147172382160915 -1.0036959095382874 57
      vertex -1.1147172382160915 1.0036959095382874 57
    endloop
  endfacet
  facet normal 0 0 1
    outer loop
      vertex -1.3703181864639014 -0.6101049646137003 57
      vertex -1.3703181864639014 0.6101049646137003 57
      vertex -1.4003706397458027 -0.5375519243179504 57
    endloop
  endfacet
  facet normal 0 0 1
    outer loop
      vertex -1.258005851918136 -0.8169585525225407 57
      vertex -1.258005851918136 0.8169585525225407 57
      vertex -1.299038105676658 -0.75 57
    endloop
  endfacet
  facet normal 0 0 1
    outer loop
      vertex -1.336509786282552 -0.6809857496093201 57
      vertex -1.336509786282552 0.6809857496093201 57
      vertex -1.3703181864639014 -0.6101049646137003 57
    endloop
  endfacet
  facet normal 0 0 1
    outer loop
      vertex -1.336509786282552 -0.6809857496093201 57
      vertex -1.299038105676658 -0.75 57
      vertex -1.299038105676658 0.75 57
    endloop
  endfacet
  facet normal 0 0 1
    outer loop
      vertex -1.4265847744427302 -0.46352549156242107 57
      vertex -1.4265847744427302 0.46352549156242107 57
      vertex -1.4488887394336025 -0.3882285676537811 57
    endloop
  endfacet
  facet normal 0 0 1
    outer loop
      vertex -1.4265847744427302 -0.46352549156242107 57
      vertex -1.4003706397458027 -0.5375519243179504 57
      vertex -1.4003706397458027 0.5375519243179504 57
    endloop
  endfacet
  facet normal 0 0 1
    outer loop
      vertex -1.258005851918136 -0.8169585525225407 57
      vertex -1.2135254915624212 -0.8816778784387097 57
      vertex -1.2135254915624212 0.8816778784387097 57
    endloop
  endfacet
  facet normal 0 0 1
    outer loop
      vertex -1.1657189421854564 -0.9439805865747561 57
      vertex -1.1657189421854564 0.9439805865747561 57
      vertex -1.2135254915624212 -0.8816778784387097 57
    endloop
  endfacet
  facet normal 0 0 1
    outer loop
      vertex -1.0606601717798214 -1.0606601717798214 57
      vertex -1.0606601717798214 1.0606601717798214 57
      vertex -1.1147172382160915 -1.0036959095382874 57
    endloop
  endfacet
  facet normal 0 0 1
    outer loop
      vertex -1.0606601717798214 -1.0606601717798214 57
      vertex -1.0036959095382874 -1.1147172382160915 57
      vertex -1.0036959095382874 1.1147172382160915 57
    endloop
  endfacet
  facet normal 0 0 1
    outer loop
      vertex -0.9439805865747561 -1.1657189421854564 57
      vertex -0.9439805865747561 1.1657189421854564 57
      vertex -1.0036959095382874 -1.1147172382160915 57
    endloop
  endfacet
  facet normal 0 0 1
    outer loop
      vertex -0.9439805865747561 -1.1657189421854564 57
      vertex -0.8816778784387097 -1.2135254915624212 57
      vertex -0.8816778784387097 1.2135254915624212 57
    endloop
  endfacet
  facet normal 0 0 1
    outer loop
      vertex -0.8816778784387097 -1.2135254915624212 57
      vertex -0.8169585525225407 -1.258005851918136 57
      vertex -0.8169585525225407 1.258005851918136 57
    endloop
  endfacet
  facet normal 0 0 1
    outer loop
      vertex -0.8169585525225407 -1.258005851918136 57
      vertex -0.75 -1.299038105676658 57
      vertex -0.75 1.299038105676658 57
    endloop
  endfacet
  facet normal 0 0 1
    outer loop
      vertex -0.6809857496093201 -1.336509786282552 57
      vertex -0.6809857496093201 1.336509786282552 57
      vertex -0.75 -1.299038105676658 57
    endloop
  endfacet
  facet normal 0 0 1
    outer loop
      vertex -0.6809857496093201 -1.336509786282552 57
      vertex -0.6101049646137003 -1.3703181864639014 57
      vertex -0.6101049646137003 1.3703181864639014 57
    endloop
  endfacet
  facet normal 0 0 1
    outer loop
      vertex -0.6101049646137003 -1.3703181864639014 57
      vertex -0.5375519243179504 -1.4003706397458027 57
      vertex -0.5375519243179504 1.4003706397458027 57
    endloop
  endfacet
  facet normal 0 0 1
    outer loop
      vertex -0.46352549156242107 -1.4265847744427302 57
      vertex -0.3882285676537811 -1.4488887394336025 57
      vertex -0.3882285676537811 1.4488887394336025 57
    endloop
  endfacet
  facet normal 0 0 1
    outer loop
      vertex -0.5375519243179504 -1.4003706397458027 57
      vertex -0.46352549156242107 -1.4265847744427302 57
      vertex -0.46352549156242107 1.4265847744427302 57
    endloop
  endfacet
  facet normal 0 0 1
    outer loop
      vertex -0.3882285676537811 -1.4488887394336025 57
      vertex -0.311867536226639 -1.4672214011007085 57
      vertex -0.311867536226639 1.4672214011007085 57
    endloop
  endfacet
  facet normal 0 0 1
    outer loop
      vertex -0.311867536226639 -1.4672214011007085 57
      vertex -0.23465169756034632 -1.4815325108927067 57
      vertex -0.23465169756034632 1.4815325108927067 57
    endloop
  endfacet
  facet normal 0 0 1
    outer loop
      vertex -0.23465169756034632 -1.4815325108927067 57
      vertex -0.1567926949014802 -1.4917828430524098 57
      vertex -0.1567926949014802 1.4917828430524098 57
    endloop
  endfacet
  facet normal 0 0 1
    outer loop
      vertex -0.1567926949014802 -1.4917828430524098 57
      vertex -0.07850393436441575 -1.4979443021318608 57
      vertex -0.07850393436441575 1.4979443021318608 57
    endloop
  endfacet
  facet normal 0 0 1
    outer loop
      vertex -0.07850393436441575 -1.4979443021318608 57
      vertex 0 -1.5 57
      vertex 0 1.5 57
    endloop
  endfacet
  facet normal 0 0 -1
    outer loop
      vertex -2.886751345948129 -5 0
      vertex -5.773502691896258 0 0
      vertex -2.886751345948129 5 0
    endloop
  endfacet
  facet normal 0 0 1
    outer loop
      vertex -5.773502691896258 0 23.2
      vertex -4 0 23.2
      vertex -3.9945181390182953 0.20934382497177534 23.2
    endloop
  endfacet
  facet normal 0 0 1
    outer loop
      vertex -5.773502691896258 0 23.2
      vertex -3.9945181390182953 0.20934382497177534 23.2
      vertex -3.978087581473093 0.4181138530706139 23.2
    endloop
  endfacet
  facet normal 0 0 1
    outer loop
      vertex -5.773502691896258 0 23.2
      vertex -3.978087581473093 0.4181138530706139 23.2
      vertex -3.950753362380551 0.6257378601609235 23.2
    endloop
  endfacet
  facet normal 0 0 1
    outer loop
      vertex -5.773502691896258 0 23.2
      vertex -3.950753362380551 0.6257378601609235 23.2
      vertex -3.9125904029352228 0.8316467632710374 23.2
    endloop
  endfacet
  facet normal 0 0 1
    outer loop
      vertex -5.773502691896258 0 23.2
      vertex -3.9125904029352228 0.8316467632710374 23.2
      vertex -3.8637033051562732 1.035276180410083 23.2
    endloop
  endfacet
  facet normal 0 0 1
    outer loop
      vertex -5.773502691896258 0 23.2
      vertex -3.8637033051562732 1.035276180410083 23.2
      vertex -3.804226065180614 1.2360679774997896 23.2
    endloop
  endfacet
  facet normal 0 0 1
    outer loop
      vertex -5.773502691896258 0 23.2
      vertex -3.804226065180614 1.2360679774997896 23.2
      vertex -3.734321705988807 1.433471798181201 23.2
    endloop
  endfacet
  facet normal -0.8660254037844386 0.5 0
    outer loop
      vertex -5.773502691896258 0 0
      vertex -5.773502691896258 0 23.2
      vertex -2.886751345948129 5 23.2
    endloop
  endfacet
  facet normal 0 0 1
    outer loop
      vertex -5.773502691896258 0 23.2
      vertex -3.734321705988807 1.433471798181201 23.2
      vertex -2.886751345948129 5 23.2
    endloop
  endfacet
  facet normal -0.8660254037844386 0.5 0
    outer loop
      vertex -5.773502691896258 0 0
      vertex -2.886751345948129 5 23.2
      vertex -2.886751345948129 5 0
    endloop
  endfacet
  facet normal 0 0 1
    outer loop
      vertex -3.734321705988807 1.433471798181201 23.2
      vertex -3.6541818305704035 1.6269465723032008 23.2
      vertex -2.886751345948129 5 23.2
    endloop
  endfacet
  facet normal 0 0 1
    outer loop
      vertex -3.6541818305704035 1.6269465723032008 23.2
      vertex -3.5640260967534716 1.815961998958187 23.2
      vertex -2.886751345948129 5 23.2
    endloop
  endfacet
  facet normal 0 0 1
    outer loop
      vertex -3.5640260967534716 1.815961998958187 23.2
      vertex -3.4641016151377544 2 23.2
      vertex -2.886751345948129 5 23.2
    endloop
  endfacet
  facet normal 0 0 1
    outer loop
      vertex -3.4641016151377544 2 23.2
      vertex -3.354682271781696 2.1785561400601083 23.2
      vertex -2.886751345948129 5 23.2
    endloop
  endfacet
  facet normal 0 0 1
    outer loop
      vertex -3.354682271781696 2.1785561400601083 23.2
      vertex -3.23606797749979 2.3511410091698925 23.2
      vertex -2.886751345948129 5 23.2
    endloop
  endfacet
  facet normal 0 0 1
    outer loop
      vertex -3.23606797749979 2.3511410091698925 23.2
      vertex -3.1085838458278836 2.5172815641993496 23.2
      vertex -2.886751345948129 5 23.2
    endloop
  endfacet
  facet normal 0 0 1
    outer loop
      vertex -3.1085838458278836 2.5172815641993496 23.2
      vertex -2.972579301909577 2.676522425435433 23.2
      vertex -2.886751345948129 5 23.2
    endloop
  endfacet
  facet normal 0 0 1
    outer loop
      vertex -2.972579301909577 2.676522425435433 23.2
      vertex -2.8284271247461903 2.8284271247461903 23.2
      vertex -2.886751345948129 5 23.2
    endloop
  endfacet
  facet normal 0 0 -1
    outer loop
      vertex -2.886751345948129 -5 0
      vertex -2.886751345948129 5 0
      vertex 2.886751345948129 5 0
    endloop
  endfacet
  facet normal 0 1 0
    outer loop
      vertex -2.886751345948129 5 0
      vertex -2.886751345948129 5 23.2
      vertex 2.886751345948129 5 0
    endloop
  endfacet
  facet normal 0 0 1
    outer loop
      vertex -2.8284271247461903 2.8284271247461903 23.2
      vertex -2.676522425435433 2.972579301909577 23.2
      vertex -2.886751345948129 5 23.2
    endloop
  endfacet
  facet normal 0 0 1
    outer loop
      vertex -2.676522425435433 2.972579301909577 23.2
      vertex -2.5172815641993496 3.1085838458278836 23.2
      vertex -2.886751345948129 5 23.2
    endloop
  endfacet
  facet normal 0 0 1
    outer loop
      vertex -2.5172815641993496 3.1085838458278836 23.2
      vertex -2.3511410091698925 3.23606797749979 23.2
      vertex -2.886751345948129 5 23.2
    endloop
  endfacet
  facet normal 0 0 1
    outer loop
      vertex -2.3511410091698925 3.23606797749979 23.2
      vertex -2.1785561400601083 3.354682271781696 23.2
      vertex -2.886751345948129 5 23.2
    endloop
  endfacet
  facet normal 0 0 1
    outer loop
      vertex -2.1785561400601083 3.354682271781696 23.2
      vertex -2 3.4641016151377544 23.2
      vertex -2.886751345948129 5 23.2
    endloop
  endfacet
  facet normal 0 0 1
    outer loop
      vertex -2 3.4641016151377544 23.2
      vertex -1.815961998958187 3.5640260967534716 23.2
      vertex -2.886751345948129 5 23.2
    endloop
  endfacet
  facet normal 0 0 1
    outer loop
      vertex -1.815961998958187 3.5640260967534716 23.2
      vertex -1.6269465723032008 3.6541818305704035 23.2
      vertex -2.886751345948129 5 23.2
    endloop
  endfacet
  facet normal 0 0 1
    outer loop
      vertex -1.6269465723032008 3.6541818305704035 23.2
      vertex -1.433471798181201 3.734321705988807 23.2
      vertex -2.886751345948129 5 23.2
    endloop
  endfacet
  facet normal 0 0 1
    outer loop
      vertex -2.886751345948129 5 23.2
      vertex -1.433471798181201 3.734321705988807 23.2
      vertex -1.2360679774997896 3.804226065180614 23.2
    endloop
  endfacet
  facet normal 0 0 1
    outer loop
      vertex -2.886751345948129 5 23.2
      vertex -1.2360679774997896 3.804226065180614 23.2
      vertex -1.035276180410083 3.8637033051562732 23.2
    endloop
  endfacet
  facet normal 0 0 1
    outer loop
      vertex -2.886751345948129 5 23.2
      vertex -1.035276180410083 3.8637033051562732 23.2
      vertex -0.8316467632710374 3.9125904029352228 23.2
    endloop
  endfacet
  facet normal 0 0 1
    outer loop
      vertex -2.886751345948129 5 23.2
      vertex -0.8316467632710374 3.9125904029352228 23.2
      vertex -0.6257378601609235 3.950753362380551 23.2
    endloop
  endfacet
  facet normal 0 0 1
    outer loop
      vertex -2.886751345948129 5 23.2
      vertex -0.6257378601609235 3.950753362380551 23.2
      vertex 2.886751345948129 5 23.2
    endloop
  endfacet
  facet normal -0.9996573249755573 0.026176948307873923 0
    outer loop
      vertex -4 0 23.2
      vertex -4 0 58
      vertex -3.9945181390182953 0.20934382497177534 23.2
    endloop
  endfacet
  facet normal -0.9969173337331279 0.07845909572784507 0
    outer loop
      vertex -3.9945181390182953 0.20934382497177534 23.2
      vertex -3.9945181390182953 0.20934382497177534 58
      vertex -3.978087581473093 0.4181138530706139 23.2
    endloop
  endfacet
  facet normal -0.9914448613738106 0.13052619222004988 0
    outer loop
      vertex -3.978087581473093 0.4181138530706139 23.2
      vertex -3.978087581473093 0.4181138530706139 58
      vertex -3.950753362380551 0.6257378601609235 23.2
    endloop
  endfacet
  facet normal -0.9832549075639546 0.1822355254921473 0
    outer loop
      vertex -3.950753362380551 0.6257378601609235 23.2
      vertex -3.950753362380551 0.6257378601609235 58
      vertex -3.9125904029352228 0.8316467632710374 23.2
    endloop
  endfacet
  facet normal -0.9723699203976764 0.233445363855906 0
    outer loop
      vertex -3.9125904029352228 0.8316467632710374 23.2
      vertex -3.9125904029352228 0.8316467632710374 58
      vertex -3.8637033051562732 1.035276180410083 23.2
    endloop
  endfacet
  facet normal -0.9588197348681926 0.28401534470392376 0
    outer loop
      vertex -3.8637033051562732 1.035276180410083 23.2
      vertex -3.8637033051562732 1.035276180410083 58
      vertex -3.804226065180614 1.2360679774997896 23.2
    endloop
  endfacet
  facet normal -0.9426414910921787 0.3338068592337702 0
    outer loop
      vertex -3.804226065180614 1.2360679774997896 23.2
      vertex -3.804226065180614 1.2360679774997896 58
      vertex -3.734321705988807 1.433471798181201 23.2
    endloop
  endfacet
  facet normal -0.9238795325112867 0.3826834323650901 0
    outer loop
      vertex -3.734321705988807 1.433471798181201 23.2
      vertex -3.734321705988807 1.433471798181201 58
      vertex -3.6541818305704035 1.6269465723032008 23.2
    endloop
  endfacet
  facet normal -0.9025852843498609 0.43051109680829447 0
    outer loop
      vertex -3.6541818305704035 1.6269465723032008 23.2
      vertex -3.6541818305704035 1.6269465723032008 58
      vertex -3.5640260967534716 1.815961998958187 23.2
    endloop
  endfacet
  facet normal -0.8788171126619648 0.4771587602596094 0
    outer loop
      vertex -3.5640260967534716 1.815961998958187 23.2
      vertex -3.5640260967534716 1.815961998958187 58
      vertex -3.4641016151377544 2 23.2
    endloop
  endfacet
  facet normal -0.8526401643540928 0.5224985647159478 0
    outer loop
      vertex -3.4641016151377544 2 23.2
      vertex -3.4641016151377544 2 58
      vertex -3.354682271781696 2.1785561400601083 23.2
    endloop
  endfacet
  facet normal -0.8241261886220157 0.5664062369248327 0
    outer loop
      vertex -3.354682271781696 2.1785561400601083 23.2
      vertex -3.354682271781696 2.1785561400601083 58
      vertex -3.23606797749979 2.3511410091698925 23.2
    endloop
  endfacet
  facet normal -0.7933533402912347 0.6087614290087214 0
    outer loop
      vertex -3.23606797749979 2.3511410091698925 23.2
      vertex -3.23606797749979 2.3511410091698925 58
      vertex -3.1085838458278836 2.5172815641993496 23.2
    endloop
  endfacet
  facet normal -0.9996573249755573 0.026176948307873923 0
    outer loop
      vertex -3.9945181390182953 0.20934382497177534 23.2
      vertex -4 0 58
      vertex -3.9945181390182953 0.20934382497177534 58
    endloop
  endfacet
  facet normal -0.9969173337331279 0.07845909572784507 0
    outer loop
      vertex -3.978087581473093 0.4181138530706139 23.2
      vertex -3.9945181390182953 0.20934382497177534 58
      vertex -3.978087581473093 0.4181138530706139 58
    endloop
  endfacet
  facet normal -0.9914448613738106 0.13052619222004988 0
    outer loop
      vertex -3.950753362380551 0.6257378601609235 23.2
      vertex -3.978087581473093 0.4181138530706139 58
      vertex -3.950753362380551 0.6257378601609235 58
    endloop
  endfacet
  facet normal -0.9832549075639546 0.1822355254921473 0
    outer loop
      vertex -3.9125904029352228 0.8316467632710374 23.2
      vertex -3.950753362380551 0.6257378601609235 58
      vertex -3.9125904029352228 0.8316467632710374 58
    endloop
  endfacet
  facet normal -0.9723699203976764 0.233445363855906 0
    outer loop
      vertex -3.8637033051562732 1.035276180410083 23.2
      vertex -3.9125904029352228 0.8316467632710374 58
      vertex -3.8637033051562732 1.035276180410083 58
    endloop
  endfacet
  facet normal -0.9588197348681926 0.28401534470392376 0
    outer loop
      vertex -3.804226065180614 1.2360679774997896 23.2
      vertex -3.8637033051562732 1.035276180410083 58
      vertex -3.804226065180614 1.2360679774997896 58
    endloop
  endfacet
  facet normal 0 0 1
    outer loop
      vertex -3.9945181390182953 -0.20934382497177534 58
      vertex -3.9945181390182953 0.20934382497177534 58
      vertex -4 0 58
    endloop
  endfacet
  facet normal 0 0 1
    outer loop
      vertex -3.978087581473093 -0.4181138530706139 58
      vertex -3.978087581473093 0.4181138530706139 58
      vertex -3.9945181390182953 0.20934382497177534 58
    endloop
  endfacet
  facet normal 0 0 1
    outer loop
      vertex -3.950753362380551 -0.6257378601609235 58
      vertex -3.950753362380551 0.6257378601609235 58
      vertex -3.978087581473093 0.4181138530706139 58
    endloop
  endfacet
  facet normal 0 0 1
    outer loop
      vertex -3.9125904029352228 -0.8316467632710374 58
      vertex -3.9125904029352228 0.8316467632710374 58
      vertex -3.950753362380551 0.6257378601609235 58
    endloop
  endfacet
  facet normal 0 0 1
    outer loop
      vertex -3.8637033051562732 -1.035276180410083 58
      vertex -3.8637033051562732 1.035276180410083 58
      vertex -3.9125904029352228 0.8316467632710374 58
    endloop
  endfacet
  facet normal 0 0 1
    outer loop
      vertex -3.804226065180614 -1.2360679774997896 58
      vertex -3.804226065180614 1.2360679774997896 58
      vertex -3.8637033051562732 1.035276180410083 58
    endloop
  endfacet
  facet normal 0 0 1
    outer loop
      vertex -3.734321705988807 -1.433471798181201 58
      vertex -3.734321705988807 1.433471798181201 58
      vertex -3.804226065180614 1.2360679774997896 58
    endloop
  endfacet
  facet normal 0 0 1
    outer loop
      vertex -3.6541818305704035 -1.6269465723032008 58
      vertex -3.6541818305704035 1.6269465723032008 58
      vertex -3.734321705988807 1.433471798181201 58
    endloop
  endfacet
  facet normal 0 0 1
    outer loop
      vertex -3.5640260967534716 -1.815961998958187 58
      vertex -3.5640260967534716 1.815961998958187 58
      vertex -3.6541818305704035 1.6269465723032008 58
    endloop
  endfacet
  facet normal 0 0 1
    outer loop
      vertex -3.4641016151377544 -2 58
      vertex -3.4641016151377544 2 58
      vertex -3.5640260967534716 1.815961998958187 58
    endloop
  endfacet
  facet normal 0 0 1
    outer loop
      vertex -3.354682271781696 -2.1785561400601083 58
      vertex -3.354682271781696 2.1785561400601083 58
      vertex -3.4641016151377544 2 58
    endloop
  endfacet
  facet normal 0 0 1
    outer loop
      vertex -3.23606797749979 -2.3511410091698925 58
      vertex -3.23606797749979 2.3511410091698925 58
      vertex -3.354682271781696 2.1785561400601083 58
    endloop
  endfacet
  facet normal 0 0 1
    outer loop
      vertex -3.1085838458278836 -2.5172815641993496 58
      vertex -3.1085838458278836 2.5172815641993496 58
      vertex -3.23606797749979 2.3511410091698925 58
    endloop
  endfacet
  facet normal 0 0 1
    outer loop
      vertex -2.972579301909577 -2.676522425435433 58
      vertex -2.972579301909577 2.676522425435433 58
      vertex -3.1085838458278836 2.5172815641993496 58
    endloop
  endfacet
  facet normal -0.9426414910921787 0.3338068592337702 0
    outer loop
      vertex -3.734321705988807 1.433471798181201 23.2
      vertex -3.804226065180614 1.2360679774997896 58
      vertex -3.734321705988807 1.433471798181201 58
    endloop
  endfacet
  facet normal -0.9238795325112867 0.3826834323650901 0
    outer loop
      vertex -3.6541818305704035 1.6269465723032008 23.2
      vertex -3.734321705988807 1.433471798181201 58
      vertex -3.6541818305704035 1.6269465723032008 58
    endloop
  endfacet
  facet normal -0.9025852843498609 0.43051109680829447 0
    outer loop
      vertex -3.5640260967534716 1.815961998958187 23.2
      vertex -3.6541818305704035 1.6269465723032008 58
      vertex -3.5640260967534716 1.815961998958187 58
    endloop
  endfacet
  facet normal -0.8788171126619648 0.4771587602596094 0
    outer loop
      vertex -3.4641016151377544 2 23.2
      vertex -3.5640260967534716 1.815961998958187 58
      vertex -3.4641016151377544 2 58
    endloop
  endfacet
  facet normal -0.8526401643540928 0.5224985647159478 0
    outer loop
      vertex -3.354682271781696 2.1785561400601083 23.2
      vertex -3.4641016151377544 2 58
      vertex -3.354682271781696 2.1785561400601083 58
    endloop
  endfacet
  facet normal -0.8241261886220157 0.5664062369248327 0
    outer loop
      vertex -3.23606797749979 2.3511410091698925 23.2
      vertex -3.354682271781696 2.1785561400601083 58
      vertex -3.23606797749979 2.3511410091698925 58
    endloop
  endfacet
  facet normal -0.7933533402912347 0.6087614290087214 0
    outer loop
      vertex -3.1085838458278836 2.5172815641993496 23.2
      vertex -3.23606797749979 2.3511410091698925 58
      vertex -3.1085838458278836 2.5172815641993496 58
    endloop
  endfacet
  facet normal -0.7604059656000315 0.649448048330183 0
    outer loop
      vertex -3.1085838458278836 2.5172815641993496 23.2
      vertex -3.1085838458278836 2.5172815641993496 58
      vertex -2.972579301909577 2.676522425435433 23.2
    endloop
  endfacet
  facet normal -0.7253743710122882 0.6883545756937532 0
    outer loop
      vertex -2.972579301909577 2.676522425435433 23.2
      vertex -2.972579301909577 2.676522425435433 58
      vertex -2.8284271247461903 2.8284271247461903 23.2
    endloop
  endfacet
  facet normal -0.7604059656000315 0.649448048330183 0
    outer loop
      vertex -2.972579301909577 2.676522425435433 23.2
      vertex -3.1085838458278836 2.5172815641993496 58
      vertex -2.972579301909577 2.676522425435433 58
    endloop
  endfacet
  facet normal 0 0 1
    outer loop
      vertex -2.8284271247461903 -2.8284271247461903 58
      vertex -2.8284271247461903 2.8284271247461903 58
      vertex -2.972579301909577 2.676522425435433 58
    endloop
  endfacet
  facet normal 0 0 1
    outer loop
      vertex -2.676522425435433 -2.972579301909577 58
      vertex -2.676522425435433 2.972579301909577 58
      vertex -2.8284271247461903 2.8284271247461903 58
    endloop
  endfacet
  facet normal 0 0 1
    outer loop
      vertex -2.5172815641993496 -3.1085838458278836 58
      vertex -2.5172815641993496 3.1085838458278836 58
      vertex -2.676522425435433 2.972579301909577 58
    endloop
  endfacet
  facet normal 0 0 1
    outer loop
      vertex -2.3511410091698925 -3.23606797749979 58
      vertex -2.3511410091698925 3.23606797749979 58
      vertex -2.5172815641993496 3.1085838458278836 58
    endloop
  endfacet
  facet normal 0 0 1
    outer loop
      vertex -2.1785561400601083 -3.354682271781696 58
      vertex -2.1785561400601083 3.354682271781696 58
      vertex -2.3511410091698925 3.23606797749979 58
    endloop
  endfacet
  facet normal 0 0 1
    outer loop
      vertex -1.4979443021318608 -0.07850393436441575 57
      vertex -1.4979443021318608 0.07850393436441575 57
      vertex -1.5 0 57
    endloop
  endfacet
  facet normal 0 0 1
    outer loop
      vertex -1.4979443021318608 -0.07850393436441575 57
      vertex -1.4917828430524098 0.1567926949014802 57
      vertex -1.4979443021318608 0.07850393436441575 57
    endloop
  endfacet
  facet normal 0 0 1
    outer loop
      vertex -1.4917828430524098 -0.1567926949014802 57
      vertex -1.4815325108927067 0.23465169756034632 57
      vertex -1.4917828430524098 0.1567926949014802 57
    endloop
  endfacet
  facet normal 0 0 1
    outer loop
      vertex -1.4815325108927067 -0.23465169756034632 57
      vertex -1.4672214011007085 0.311867536226639 57
      vertex -1.4815325108927067 0.23465169756034632 57
    endloop
  endfacet
  facet normal 0 0 1
    outer loop
      vertex -1.4672214011007085 -0.311867536226639 57
      vertex -1.4488887394336025 0.3882285676537811 57
      vertex -1.4672214011007085 0.311867536226639 57
    endloop
  endfacet
  facet normal 0.9996573249755571 -0.02617694830787322 0
    outer loop
      vertex -1.5 0 57
      vertex -1.4979443021318608 0.07850393436441575 57
      vertex -1.4979443021318608 0.07850393436441575 58
    endloop
  endfacet
  facet normal 0.9996573249755571 -0.02617694830787322 0
    outer loop
      vertex -1.5 0 57
      vertex -1.4979443021318608 0.07850393436441575 58
      vertex -1.5 0 58
    endloop
  endfacet
  facet normal 0.9969173337331279 -0.07845909572784718 0
    outer loop
      vertex -1.4979443021318608 0.07850393436441575 57
      vertex -1.4917828430524098 0.1567926949014802 57
      vertex -1.4917828430524098 0.1567926949014802 58
    endloop
  endfacet
  facet normal 0.9969173337331279 -0.07845909572784718 0
    outer loop
      vertex -1.4979443021318608 0.07850393436441575 57
      vertex -1.4917828430524098 0.1567926949014802 58
      vertex -1.4979443021318608 0.07850393436441575 58
    endloop
  endfacet
  facet normal 0.9914448613738109 -0.13052619222004846 0
    outer loop
      vertex -1.4917828430524098 0.1567926949014802 57
      vertex -1.4815325108927067 0.23465169756034632 57
      vertex -1.4815325108927067 0.23465169756034632 58
    endloop
  endfacet
  facet normal 0.9914448613738109 -0.13052619222004846 0
    outer loop
      vertex -1.4917828430524098 0.1567926949014802 57
      vertex -1.4815325108927067 0.23465169756034632 58
      vertex -1.4917828430524098 0.1567926949014802 58
    endloop
  endfacet
  facet normal 0.9832549075639545 -0.1822355254921474 0
    outer loop
      vertex -1.4815325108927067 0.23465169756034632 57
      vertex -1.4672214011007085 0.311867536226639 57
      vertex -1.4672214011007085 0.311867536226639 58
    endloop
  endfacet
  facet normal 0.9832549075639545 -0.1822355254921474 0
    outer loop
      vertex -1.4815325108927067 0.23465169756034632 57
      vertex -1.4672214011007085 0.311867536226639 58
      vertex -1.4815325108927067 0.23465169756034632 58
    endloop
  endfacet
  facet normal 0.9723699203976767 -0.23344536385590525 0
    outer loop
      vertex -1.4672214011007085 0.311867536226639 57
      vertex -1.4488887394336025 0.3882285676537811 57
      vertex -1.4488887394336025 0.3882285676537811 58
    endloop
  endfacet
  facet normal 0.9723699203976767 -0.23344536385590525 0
    outer loop
      vertex -1.4672214011007085 0.311867536226639 57
      vertex -1.4488887394336025 0.3882285676537811 58
      vertex -1.4672214011007085 0.311867536226639 58
    endloop
  endfacet
  facet normal 0 0 1
    outer loop
      vertex -2 -3.4641016151377544 58
      vertex -2 3.4641016151377544 58
      vertex -2.1785561400601083 3.354682271781696 58
    endloop
  endfacet
  facet normal 0 0 1
    outer loop
      vertex -1.815961998958187 -3.5640260967534716 58
      vertex -1.815961998958187 3.5640260967534716 58
      vertex -2 3.4641016151377544 58
    endloop
  endfacet
  facet normal 0 0 1
    outer loop
      vertex -1.6269465723032008 -3.6541818305704035 58
      vertex -1.6269465723032008 3.6541818305704035 58
      vertex -1.815961998958187 3.5640260967534716 58
    endloop
  endfacet
  facet normal 0 0 1
    outer loop
      vertex -1.6269465723032008 3.6541818305704035 58
      vertex -1.5 0 58
      vertex -1.4979443021318608 0.07850393436441575 58
    endloop
  endfacet
  facet normal 0 0 1
    outer loop
      vertex -1.6269465723032008 3.6541818305704035 58
      vertex -1.4979443021318608 0.07850393436441575 58
      vertex -1.4917828430524098 0.1567926949014802 58
    endloop
  endfacet
  facet normal 0 0 1
    outer loop
      vertex -1.6269465723032008 3.6541818305704035 58
      vertex -1.4917828430524098 0.1567926949014802 58
      vertex -1.4815325108927067 0.23465169756034632 58
    endloop
  endfacet
  facet normal 0 0 1
    outer loop
      vertex -1.6269465723032008 3.6541818305704035 58
      vertex -1.4815325108927067 0.23465169756034632 58
      vertex -1.4672214011007085 0.311867536226639 58
    endloop
  endfacet
  facet normal 0 0 1
    outer loop
      vertex -1.6269465723032008 3.6541818305704035 58
      vertex -1.4672214011007085 0.311867536226639 58
      vertex -1.4488887394336025 0.3882285676537811 58
    endloop
  endfacet
  facet normal 0 0 1
    outer loop
      vertex -1.6269465723032008 3.6541818305704035 58
      vertex -1.4488887394336025 0.3882285676537811 58
      vertex -1.4265847744427302 0.46352549156242107 58
    endloop
  endfacet
  facet normal 0 0 1
    outer loop
      vertex -1.4488887394336025 -0.3882285676537811 57
      vertex -1.4265847744427302 0.46352549156242107 57
      vertex -1.4488887394336025 0.3882285676537811 57
    endloop
  endfacet
  facet normal 0 0 1
    outer loop
      vertex -1.4265847744427302 -0.46352549156242107 57
      vertex -1.4003706397458027 0.5375519243179504 57
      vertex -1.4265847744427302 0.46352549156242107 57
    endloop
  endfacet
  facet normal 0 0 1
    outer loop
      vertex -1.4003706397458027 -0.5375519243179504 57
      vertex -1.3703181864639014 0.6101049646137003 57
      vertex -1.4003706397458027 0.5375519243179504 57
    endloop
  endfacet
  facet normal 0 0 1
    outer loop
      vertex -1.3703181864639014 -0.6101049646137003 57
      vertex -1.336509786282552 0.6809857496093201 57
      vertex -1.3703181864639014 0.6101049646137003 57
    endloop
  endfacet
  facet normal 0 0 1
    outer loop
      vertex -1.336509786282552 -0.6809857496093201 57
      vertex -1.299038105676658 0.75 57
      vertex -1.336509786282552 0.6809857496093201 57
    endloop
  endfacet
  facet normal 0 0 1
    outer loop
      vertex -1.299038105676658 -0.75 57
      vertex -1.258005851918136 0.8169585525225407 57
      vertex -1.299038105676658 0.75 57
    endloop
  endfacet
  facet normal 0 0 1
    outer loop
      vertex -1.258005851918136 -0.8169585525225407 57
      vertex -1.2135254915624212 0.8816778784387097 57
      vertex -1.258005851918136 0.8169585525225407 57
    endloop
  endfacet
  facet normal 0.9588197348681922 -0.2840153447039252 0
    outer loop
      vertex -1.4488887394336025 0.3882285676537811 57
      vertex -1.4265847744427302 0.46352549156242107 57
      vertex -1.4265847744427302 0.46352549156242107 58
    endloop
  endfacet
  facet normal 0.9588197348681922 -0.2840153447039252 0
    outer loop
      vertex -1.4488887394336025 0.3882285676537811 57
      vertex -1.4265847744427302 0.46352549156242107 58
      vertex -1.4488887394336025 0.3882285676537811 58
    endloop
  endfacet
  facet normal 0.9426414910921792 -0.33380685923376885 0
    outer loop
      vertex -1.4265847744427302 0.46352549156242107 57
      vertex -1.4003706397458027 0.5375519243179504 57
      vertex -1.4003706397458027 0.5375519243179504 58
    endloop
  endfacet
  facet normal 0.9426414910921792 -0.33380685923376885 0
    outer loop
      vertex -1.4265847744427302 0.46352549156242107 57
      vertex -1.4003706397458027 0.5375519243179504 58
      vertex -1.4265847744427302 0.46352549156242107 58
    endloop
  endfacet
  facet normal 0.9238795325112867 -0.38268343236509 0
    outer loop
      vertex -1.4003706397458027 0.5375519243179504 57
      vertex -1.3703181864639014 0.6101049646137003 57
      vertex -1.3703181864639014 0.6101049646137003 58
    endloop
  endfacet
  facet normal 0.9238795325112867 -0.38268343236509 0
    outer loop
      vertex -1.4003706397458027 0.5375519243179504 57
      vertex -1.3703181864639014 0.6101049646137003 58
      vertex -1.4003706397458027 0.5375519243179504 58
    endloop
  endfacet
  facet normal 0 0 1
    outer loop
      vertex -1.2135254915624212 -0.8816778784387097 57
      vertex -1.1657189421854564 0.9439805865747561 57
      vertex -1.2135254915624212 0.8816778784387097 57
    endloop
  endfacet
  facet normal 0 0 1
    outer loop
      vertex -1.1657189421854564 -0.9439805865747561 57
      vertex -1.1147172382160915 1.0036959095382874 57
      vertex -1.1657189421854564 0.9439805865747561 57
    endloop
  endfacet
  facet normal 0 0 1
    outer loop
      vertex -1.1147172382160915 -1.0036959095382874 57
      vertex -1.0606601717798214 1.0606601717798214 57
      vertex -1.1147172382160915 1.0036959095382874 57
    endloop
  endfacet
  facet normal 0 0 1
    outer loop
      vertex -1.0606601717798214 -1.0606601717798214 57
      vertex -1.0036959095382874 1.1147172382160915 57
      vertex -1.0606601717798214 1.0606601717798214 57
    endloop
  endfacet
  facet normal 0 0 1
    outer loop
      vertex -1.0036959095382874 -1.1147172382160915 57
      vertex -0.9439805865747561 1.1657189421854564 57
      vertex -1.0036959095382874 1.1147172382160915 57
    endloop
  endfacet
  facet normal 0 0 1
    outer loop
      vertex -0.9439805865747561 -1.1657189421854564 57
      vertex -0.8816778784387097 1.2135254915624212 57
      vertex -0.9439805865747561 1.1657189421854564 57
    endloop
  endfacet
  facet normal 0 0 1
    outer loop
      vertex -0.8816778784387097 -1.2135254915624212 57
      vertex -0.8169585525225407 1.258005851918136 57
      vertex -0.8816778784387097 1.2135254915624212 57
    endloop
  endfacet
  facet normal 0 0 1
    outer loop
      vertex -0.8169585525225407 -1.258005851918136 57
      vertex -0.75 1.299038105676658 57
      vertex -0.8169585525225407 1.258005851918136 57
    endloop
  endfacet
  facet normal 0 0 1
    outer loop
      vertex -0.75 -1.299038105676658 57
      vertex -0.6809857496093201 1.336509786282552 57
      vertex -0.75 1.299038105676658 57
    endloop
  endfacet
  facet normal 0.9025852843498609 -0.4305110968082946 0
    outer loop
      vertex -1.3703181864639014 0.6101049646137003 57
      vertex -1.336509786282552 0.6809857496093201 58
      vertex -1.3703181864639014 0.6101049646137003 58
    endloop
  endfacet
  facet normal 0.9025852843498609 -0.4305110968082946 0
    outer loop
      vertex -1.3703181864639014 0.6101049646137003 57
      vertex -1.336509786282552 0.6809857496093201 57
      vertex -1.336509786282552 0.6809857496093201 58
    endloop
  endfacet
  facet normal 0.8788171126619653 -0.47715876025960885 0
    outer loop
      vertex -1.336509786282552 0.6809857496093201 57
      vertex -1.299038105676658 0.75 57
      vertex -1.299038105676658 0.75 58
    endloop
  endfacet
  facet normal 0.8788171126619653 -0.47715876025960885 0
    outer loop
      vertex -1.336509786282552 0.6809857496093201 57
      vertex -1.299038105676658 0.75 58
      vertex -1.336509786282552 0.6809857496093201 58
    endloop
  endfacet
  facet normal 0.8526401643540925 -0.5224985647159486 0
    outer loop
      vertex -1.299038105676658 0.75 57
      vertex -1.258005851918136 0.8169585525225407 58
      vertex -1.299038105676658 0.75 58
    endloop
  endfacet
  facet normal 0.8526401643540925 -0.5224985647159486 0
    outer loop
      vertex -1.299038105676658 0.75 57
      vertex -1.258005851918136 0.8169585525225407 57
      vertex -1.258005851918136 0.8169585525225407 58
    endloop
  endfacet
  facet normal 0.8241261886220155 -0.5664062369248329 0
    outer loop
      vertex -1.258005851918136 0.8169585525225407 57
      vertex -1.2135254915624212 0.8816778784387097 58
      vertex -1.258005851918136 0.8169585525225407 58
    endloop
  endfacet
  facet normal 0.8241261886220155 -0.5664062369248329 0
    outer loop
      vertex -1.258005851918136 0.8169585525225407 57
      vertex -1.2135254915624212 0.8816778784387097 57
      vertex -1.2135254915624212 0.8816778784387097 58
    endloop
  endfacet
  facet normal 0.7933533402912348 -0.6087614290087209 0
    outer loop
      vertex -1.2135254915624212 0.8816778784387097 57
      vertex -1.1657189421854564 0.9439805865747561 57
      vertex -1.1657189421854564 0.9439805865747561 58
    endloop
  endfacet
  facet normal 0.7933533402912348 -0.6087614290087209 0
    outer loop
      vertex -1.2135254915624212 0.8816778784387097 57
      vertex -1.1657189421854564 0.9439805865747561 58
      vertex -1.2135254915624212 0.8816778784387097 58
    endloop
  endfacet
  facet normal 0.7604059656000318 -0.6494480483301824 0
    outer loop
      vertex -1.1657189421854564 0.9439805865747561 57
      vertex -1.1147172382160915 1.0036959095382874 57
      vertex -1.1147172382160915 1.0036959095382874 58
    endloop
  endfacet
  facet normal 0.7604059656000318 -0.6494480483301824 0
    outer loop
      vertex -1.1657189421854564 0.9439805865747561 57
      vertex -1.1147172382160915 1.0036959095382874 58
      vertex -1.1657189421854564 0.9439805865747561 58
    endloop
  endfacet
  facet normal 0.7253743710122882 -0.6883545756937534 0
    outer loop
      vertex -1.1147172382160915 1.0036959095382874 57
      vertex -1.0606601717798214 1.0606601717798214 58
      vertex -1.1147172382160915 1.0036959095382874 58
    endloop
  endfacet
  facet normal 0.7253743710122882 -0.6883545756937534 0
    outer loop
      vertex -1.1147172382160915 1.0036959095382874 57
      vertex -1.0606601717798214 1.0606601717798214 57
      vertex -1.0606601717798214 1.0606601717798214 58
    endloop
  endfacet
  facet normal 0.6883545756937534 -0.7253743710122882 0
    outer loop
      vertex -1.0606601717798214 1.0606601717798214 57
      vertex -1.0036959095382874 1.1147172382160915 58
      vertex -1.0606601717798214 1.0606601717798214 58
    endloop
  endfacet
  facet normal 0.6883545756937534 -0.7253743710122882 0
    outer loop
      vertex -1.0606601717798214 1.0606601717798214 57
      vertex -1.0036959095382874 1.1147172382160915 57
      vertex -1.0036959095382874 1.1147172382160915 58
    endloop
  endfacet
  facet normal 0.6494480483301824 -0.7604059656000318 0
    outer loop
      vertex -1.0036959095382874 1.1147172382160915 57
      vertex -0.9439805865747561 1.1657189421854564 57
      vertex -0.9439805865747561 1.1657189421854564 58
    endloop
  endfacet
  facet normal 0.6494480483301824 -0.7604059656000318 0
    outer loop
      vertex -1.0036959095382874 1.1147172382160915 57
      vertex -0.9439805865747561 1.1657189421854564 58
      vertex -1.0036959095382874 1.1147172382160915 58
    endloop
  endfacet
  facet normal 0.6087614290087209 -0.7933533402912348 0
    outer loop
      vertex -0.9439805865747561 1.1657189421854564 57
      vertex -0.8816778784387097 1.2135254915624212 57
      vertex -0.8816778784387097 1.2135254915624212 58
    endloop
  endfacet
  facet normal 0.6087614290087209 -0.7933533402912348 0
    outer loop
      vertex -0.9439805865747561 1.1657189421854564 57
      vertex -0.8816778784387097 1.2135254915624212 58
      vertex -0.9439805865747561 1.1657189421854564 58
    endloop
  endfacet
  facet normal 0.5664062369248329 -0.8241261886220155 0
    outer loop
      vertex -0.8816778784387097 1.2135254915624212 57
      vertex -0.8169585525225407 1.258005851918136 57
      vertex -0.8169585525225407 1.258005851918136 58
    endloop
  endfacet
  facet normal 0.5664062369248329 -0.8241261886220155 0
    outer loop
      vertex -0.8816778784387097 1.2135254915624212 57
      vertex -0.8169585525225407 1.258005851918136 58
      vertex -0.8816778784387097 1.2135254915624212 58
    endloop
  endfacet
  facet normal 0 0 1
    outer loop
      vertex -0.6809857496093201 -1.336509786282552 57
      vertex -0.6101049646137003 1.3703181864639014 57
      vertex -0.6809857496093201 1.336509786282552 57
    endloop
  endfacet
  facet normal 0 0 1
    outer loop
      vertex -0.6101049646137003 -1.3703181864639014 57
      vertex -0.5375519243179504 1.4003706397458027 57
      vertex -0.6101049646137003 1.3703181864639014 57
    endloop
  endfacet
  facet normal 0 0 1
    outer loop
      vertex -0.5375519243179504 -1.4003706397458027 57
      vertex -0.46352549156242107 1.4265847744427302 57
      vertex -0.5375519243179504 1.4003706397458027 57
    endloop
  endfacet
  facet normal 0 0 1
    outer loop
      vertex -0.46352549156242107 -1.4265847744427302 57
      vertex -0.3882285676537811 1.4488887394336025 57
      vertex -0.46352549156242107 1.4265847744427302 57
    endloop
  endfacet
  facet normal 0 0 1
    outer loop
      vertex -0.3882285676537811 -1.4488887394336025 57
      vertex -0.311867536226639 1.4672214011007085 57
      vertex -0.3882285676537811 1.4488887394336025 57
    endloop
  endfacet
  facet normal 0 0 1
    outer loop
      vertex -0.311867536226639 -1.4672214011007085 57
      vertex -0.23465169756034632 1.4815325108927067 57
      vertex -0.311867536226639 1.4672214011007085 57
    endloop
  endfacet
  facet normal 0 0 1
    outer loop
      vertex -0.23465169756034632 -1.4815325108927067 57
      vertex -0.1567926949014802 1.4917828430524098 57
      vertex -0.23465169756034632 1.4815325108927067 57
    endloop
  endfacet
  facet normal 0 0 1
    outer loop
      vertex -0.1567926949014802 -1.4917828430524098 57
      vertex -0.07850393436441575 1.4979443021318608 57
      vertex -0.1567926949014802 1.4917828430524098 57
    endloop
  endfacet
  facet normal 0 0 1
    outer loop
      vertex -0.07850393436441575 -1.4979443021318608 57
      vertex 0 1.5 57
      vertex -0.07850393436441575 1.4979443021318608 57
    endloop
  endfacet
  facet normal 0 0 1
    outer loop
      vertex -1.433471798181201 3.734321705988807 58
      vertex -1.4265847744427302 0.46352549156242107 58
      vertex -1.4003706397458027 0.5375519243179504 58
    endloop
  endfacet
  facet normal 0 0 1
    outer loop
      vertex -1.433471798181201 3.734321705988807 58
      vertex -1.4003706397458027 0.5375519243179504 58
      vertex -1.3703181864639014 0.6101049646137003 58
    endloop
  endfacet
  facet normal 0 0 1
    outer loop
      vertex -1.433471798181201 3.734321705988807 58
      vertex -1.3703181864639014 0.6101049646137003 58
      vertex -1.336509786282552 0.6809857496093201 58
    endloop
  endfacet
  facet normal 0 0 1
    outer loop
      vertex -1.433471798181201 3.734321705988807 58
      vertex -1.336509786282552 0.6809857496093201 58
      vertex -1.299038105676658 0.75 58
    endloop
  endfacet
  facet normal 0 0 1
    outer loop
      vertex -1.433471798181201 3.734321705988807 58
      vertex -1.299038105676658 0.75 58
      vertex -1.258005851918136 0.8169585525225407 58
    endloop
  endfacet
  facet normal 0 0 1
    outer loop
      vertex -1.433471798181201 3.734321705988807 58
      vertex -1.258005851918136 0.8169585525225407 58
      vertex -1.2135254915624212 0.8816778784387097 58
    endloop
  endfacet
  facet normal 0.5224985647159486 -0.8526401643540925 0
    outer loop
      vertex -0.8169585525225407 1.258005851918136 57
      vertex -0.75 1.299038105676658 57
      vertex -0.75 1.299038105676658 58
    endloop
  endfacet
  facet normal 0.5224985647159486 -0.8526401643540925 0
    outer loop
      vertex -0.8169585525225407 1.258005851918136 57
      vertex -0.75 1.299038105676658 58
      vertex -0.8169585525225407 1.258005851918136 58
    endloop
  endfacet
  facet normal 0.47715876025960885 -0.8788171126619653 0
    outer loop
      vertex -0.75 1.299038105676658 57
      vertex -0.6809857496093201 1.336509786282552 58
      vertex -0.75 1.299038105676658 58
    endloop
  endfacet
  facet normal 0 0 1
    outer loop
      vertex -1.2360679774997896 3.804226065180614 58
      vertex -1.2135254915624212 0.8816778784387097 58
      vertex -1.1657189421854564 0.9439805865747561 58
    endloop
  endfacet
  facet normal 0 0 1
    outer loop
      vertex -1.2360679774997896 3.804226065180614 58
      vertex -1.1657189421854564 0.9439805865747561 58
      vertex -1.1147172382160915 1.0036959095382874 58
    endloop
  endfacet
  facet normal 0 0 1
    outer loop
      vertex -1.2360679774997896 3.804226065180614 58
      vertex -1.1147172382160915 1.0036959095382874 58
      vertex -1.0606601717798214 1.0606601717798214 58
    endloop
  endfacet
  facet normal 0 0 1
    outer loop
      vertex -1.2360679774997896 3.804226065180614 58
      vertex -1.0606601717798214 1.0606601717798214 58
      vertex -1.0036959095382874 1.1147172382160915 58
    endloop
  endfacet
  facet normal 0 0 1
    outer loop
      vertex -1.035276180410083 3.8637033051562732 58
      vertex -1.0036959095382874 1.1147172382160915 58
      vertex -0.9439805865747561 1.1657189421854564 58
    endloop
  endfacet
  facet normal 0 0 1
    outer loop
      vertex -1.035276180410083 3.8637033051562732 58
      vertex -0.9439805865747561 1.1657189421854564 58
      vertex -0.8816778784387097 1.2135254915624212 58
    endloop
  endfacet
  facet normal 0 0 1
    outer loop
      vertex -1.035276180410083 3.8637033051562732 58
      vertex -0.8816778784387097 1.2135254915624212 58
      vertex -0.8169585525225407 1.258005851918136 58
    endloop
  endfacet
  facet normal 0 0 1
    outer loop
      vertex -0.8316467632710374 3.9125904029352228 58
      vertex -0.8169585525225407 1.258005851918136 58
      vertex -0.75 1.299038105676658 58
    endloop
  endfacet
  facet normal 0 0 1
    outer loop
      vertex -0.8316467632710374 3.9125904029352228 58
      vertex -0.75 1.299038105676658 58
      vertex -0.6809857496093201 1.336509786282552 58
    endloop
  endfacet
  facet normal 0.47715876025960885 -0.8788171126619653 0
    outer loop
      vertex -0.75 1.299038105676658 57
      vertex -0.6809857496093201 1.336509786282552 57
      vertex -0.6809857496093201 1.336509786282552 58
    endloop
  endfacet
  facet normal 0.4305110968082946 -0.9025852843498609 0
    outer loop
      vertex -0.6809857496093201 1.336509786282552 57
      vertex -0.6101049646137003 1.3703181864639014 57
      vertex -0.6101049646137003 1.3703181864639014 58
    endloop
  endfacet
  facet normal 0.4305110968082946 -0.9025852843498609 0
    outer loop
      vertex -0.6809857496093201 1.336509786282552 57
      vertex -0.6101049646137003 1.3703181864639014 58
      vertex -0.6809857496093201 1.336509786282552 58
    endloop
  endfacet
  facet normal 0.38268343236509 -0.9238795325112867 0
    outer loop
      vertex -0.6101049646137003 1.3703181864639014 57
      vertex -0.5375519243179504 1.4003706397458027 57
      vertex -0.5375519243179504 1.4003706397458027 58
    endloop
  endfacet
  facet normal 0.38268343236509 -0.9238795325112867 0
    outer loop
      vertex -0.6101049646137003 1.3703181864639014 57
      vertex -0.5375519243179504 1.4003706397458027 58
      vertex -0.6101049646137003 1.3703181864639014 58
    endloop
  endfacet
  facet normal 0.33380685923376885 -0.9426414910921792 0
    outer loop
      vertex -0.5375519243179504 1.4003706397458027 57
      vertex -0.46352549156242107 1.4265847744427302 57
      vertex -0.46352549156242107 1.4265847744427302 58
    endloop
  endfacet
  facet normal 0.33380685923376885 -0.9426414910921792 0
    outer loop
      vertex -0.5375519243179504 1.4003706397458027 57
      vertex -0.46352549156242107 1.4265847744427302 58
      vertex -0.5375519243179504 1.4003706397458027 58
    endloop
  endfacet
  facet normal 0.2840153447039252 -0.9588197348681922 0
    outer loop
      vertex -0.46352549156242107 1.4265847744427302 57
      vertex -0.3882285676537811 1.4488887394336025 57
      vertex -0.3882285676537811 1.4488887394336025 58
    endloop
  endfacet
  facet normal 0.2840153447039252 -0.9588197348681922 0
    outer loop
      vertex -0.46352549156242107 1.4265847744427302 57
      vertex -0.3882285676537811 1.4488887394336025 58
      vertex -0.46352549156242107 1.4265847744427302 58
    endloop
  endfacet
  facet normal 0.23344536385590525 -0.9723699203976767 0
    outer loop
      vertex -0.3882285676537811 1.4488887394336025 57
      vertex -0.311867536226639 1.4672214011007085 58
      vertex -0.3882285676537811 1.4488887394336025 58
    endloop
  endfacet
  facet normal 0.23344536385590525 -0.9723699203976767 0
    outer loop
      vertex -0.3882285676537811 1.4488887394336025 57
      vertex -0.311867536226639 1.4672214011007085 57
      vertex -0.311867536226639 1.4672214011007085 58
    endloop
  endfacet
  facet normal 0.1822355254921474 -0.9832549075639545 0
    outer loop
      vertex -0.311867536226639 1.4672214011007085 57
      vertex -0.23465169756034632 1.4815325108927067 58
      vertex -0.311867536226639 1.4672214011007085 58
    endloop
  endfacet
  facet normal 0.1822355254921474 -0.9832549075639545 0
    outer loop
      vertex -0.311867536226639 1.4672214011007085 57
      vertex -0.23465169756034632 1.4815325108927067 57
      vertex -0.23465169756034632 1.4815325108927067 58
    endloop
  endfacet
  facet normal 0.13052619222004846 -0.9914448613738109 0
    outer loop
      vertex -0.23465169756034632 1.4815325108927067 57
      vertex -0.1567926949014802 1.4917828430524098 57
      vertex -0.1567926949014802 1.4917828430524098 58
    endloop
  endfacet
  facet normal 0.13052619222004846 -0.9914448613738109 0
    outer loop
      vertex -0.23465169756034632 1.4815325108927067 57
      vertex -0.1567926949014802 1.4917828430524098 58
      vertex -0.23465169756034632 1.4815325108927067 58
    endloop
  endfacet
  facet normal 0.07845909572784718 -0.9969173337331279 0
    outer loop
      vertex -0.1567926949014802 1.4917828430524098 57
      vertex -0.07850393436441575 1.4979443021318608 57
      vertex -0.07850393436441575 1.4979443021318608 58
    endloop
  endfacet
  facet normal 0.07845909572784718 -0.9969173337331279 0
    outer loop
      vertex -0.1567926949014802 1.4917828430524098 57
      vertex -0.07850393436441575 1.4979443021318608 58
      vertex -0.1567926949014802 1.4917828430524098 58
    endloop
  endfacet
  facet normal 0.02617694830787322 -0.9996573249755571 0
    outer loop
      vertex -0.07850393436441575 1.4979443021318608 57
      vertex 0 1.5 57
      vertex 0 1.5 58
    endloop
  endfacet
  facet normal 0.02617694830787322 -0.9996573249755571 0
    outer loop
      vertex -0.07850393436441575 1.4979443021318608 57
      vertex 0 1.5 58
      vertex -0.07850393436441575 1.4979443021318608 58
    endloop
  endfacet
  facet normal 0 0 1
    outer loop
      vertex -0.8316467632710374 3.9125904029352228 58
      vertex -0.6809857496093201 1.336509786282552 58
      vertex -0.6101049646137003 1.3703181864639014 58
    endloop
  endfacet
  facet normal 0 0 1
    outer loop
      vertex -0.6257378601609235 3.950753362380551 58
      vertex -0.6101049646137003 1.3703181864639014 58
      vertex -0.5375519243179504 1.4003706397458027 58
    endloop
  endfacet
  facet normal 0 0 1
    outer loop
      vertex -0.6257378601609235 3.950753362380551 58
      vertex -0.5375519243179504 1.4003706397458027 58
      vertex -0.46352549156242107 1.4265847744427302 58
    endloop
  endfacet
  facet normal 0 0 1
    outer loop
      vertex -0.6257378601609235 3.950753362380551 58
      vertex -0.46352549156242107 1.4265847744427302 58
      vertex -0.3882285676537811 1.4488887394336025 58
    endloop
  endfacet
  facet normal 0 0 1
    outer loop
      vertex -0.4181138530706139 3.978087581473093 58
      vertex -0.3882285676537811 1.4488887394336025 58
      vertex -0.311867536226639 1.4672214011007085 58
    endloop
  endfacet
  facet normal 0 0 1
    outer loop
      vertex -0.4181138530706139 3.978087581473093 58
      vertex -0.311867536226639 1.4672214011007085 58
      vertex -0.23465169756034632 1.4815325108927067 58
    endloop
  endfacet
  facet normal 0 0 1
    outer loop
      vertex -0.4181138530706139 3.978087581473093 58
      vertex -0.23465169756034632 1.4815325108927067 58
      vertex -0.1567926949014802 1.4917828430524098 58
    endloop
  endfacet
  facet normal 0 0 1
    outer loop
      vertex -0.20934382497177534 3.9945181390182953 58
      vertex -0.1567926949014802 1.4917828430524098 58
      vertex -0.07850393436441575 1.4979443021318608 58
    endloop
  endfacet
  facet normal 0 0 1
    outer loop
      vertex 0 4 58
      vertex -0.07850393436441575 1.4979443021318608 58
      vertex 0 1.5 58
    endloop
  endfacet
  facet normal -0.6883545756937532 0.7253743710122882 0
    outer loop
      vertex -2.8284271247461903 2.8284271247461903 23.2
      vertex -2.8284271247461903 2.8284271247461903 58
      vertex -2.676522425435433 2.972579301909577 23.2
    endloop
  endfacet
  facet normal -0.649448048330183 0.7604059656000315 0
    outer loop
      vertex -2.676522425435433 2.972579301909577 23.2
      vertex -2.676522425435433 2.972579301909577 58
      vertex -2.5172815641993496 3.1085838458278836 23.2
    endloop
  endfacet
  facet normal -0.6087614290087214 0.7933533402912347 0
    outer loop
      vertex -2.5172815641993496 3.1085838458278836 23.2
      vertex -2.5172815641993496 3.1085838458278836 58
      vertex -2.3511410091698925 3.23606797749979 23.2
    endloop
  endfacet
  facet normal -0.5664062369248327 0.8241261886220157 0
    outer loop
      vertex -2.3511410091698925 3.23606797749979 23.2
      vertex -2.3511410091698925 3.23606797749979 58
      vertex -2.1785561400601083 3.354682271781696 23.2
    endloop
  endfacet
  facet normal -0.5224985647159478 0.8526401643540928 0
    outer loop
      vertex -2.1785561400601083 3.354682271781696 23.2
      vertex -2.1785561400601083 3.354682271781696 58
      vertex -2 3.4641016151377544 23.2
    endloop
  endfacet
  facet normal -0.4771587602596094 0.8788171126619648 0
    outer loop
      vertex -2 3.4641016151377544 23.2
      vertex -2 3.4641016151377544 58
      vertex -1.815961998958187 3.5640260967534716 23.2
    endloop
  endfacet
  facet normal -0.43051109680829447 0.9025852843498609 0
    outer loop
      vertex -1.815961998958187 3.5640260967534716 23.2
      vertex -1.815961998958187 3.5640260967534716 58
      vertex -1.6269465723032008 3.6541818305704035 23.2
    endloop
  endfacet
  facet normal -0.3826834323650901 0.9238795325112867 0
    outer loop
      vertex -1.6269465723032008 3.6541818305704035 23.2
      vertex -1.6269465723032008 3.6541818305704035 58
      vertex -1.433471798181201 3.734321705988807 23.2
    endloop
  endfacet
  facet normal -0.3338068592337702 0.9426414910921787 0
    outer loop
      vertex -1.433471798181201 3.734321705988807 23.2
      vertex -1.433471798181201 3.734321705988807 58
      vertex -1.2360679774997896 3.804226065180614 23.2
    endloop
  endfacet
  facet normal -0.28401534470392376 0.9588197348681926 0
    outer loop
      vertex -1.2360679774997896 3.804226065180614 23.2
      vertex -1.2360679774997896 3.804226065180614 58
      vertex -1.035276180410083 3.8637033051562732 23.2
    endloop
  endfacet
  facet normal -0.233445363855906 0.9723699203976764 0
    outer loop
      vertex -1.035276180410083 3.8637033051562732 23.2
      vertex -1.035276180410083 3.8637033051562732 58
      vertex -0.8316467632710374 3.9125904029352228 23.2
    endloop
  endfacet
  facet normal -0.1822355254921473 0.9832549075639546 0
    outer loop
      vertex -0.8316467632710374 3.9125904029352228 23.2
      vertex -0.8316467632710374 3.9125904029352228 58
      vertex -0.6257378601609235 3.950753362380551 23.2
    endloop
  endfacet
  facet normal -0.13052619222004988 0.9914448613738106 0
    outer loop
      vertex -0.6257378601609235 3.950753362380551 23.2
      vertex -0.6257378601609235 3.950753362380551 58
      vertex -0.4181138530706139 3.978087581473093 23.2
    endloop
  endfacet
  facet normal -0.07845909572784507 0.9969173337331279 0
    outer loop
      vertex -0.4181138530706139 3.978087581473093 23.2
      vertex -0.4181138530706139 3.978087581473093 58
      vertex -0.20934382497177534 3.9945181390182953 23.2
    endloop
  endfacet
  facet normal -0.026176948307873923 0.9996573249755573 0
    outer loop
      vertex -0.20934382497177534 3.9945181390182953 23.2
      vertex -0.20934382497177534 3.9945181390182953 58
      vertex 0 4 23.2
    endloop
  endfacet
  facet normal -0.7253743710122882 0.6883545756937532 0
    outer loop
      vertex -2.8284271247461903 2.8284271247461903 23.2
      vertex -2.972579301909577 2.676522425435433 58
      vertex -2.8284271247461903 2.8284271247461903 58
    endloop
  endfacet
  facet normal -0.6883545756937532 0.7253743710122882 0
    outer loop
      vertex -2.676522425435433 2.972579301909577 23.2
      vertex -2.8284271247461903 2.8284271247461903 58
      vertex -2.676522425435433 2.972579301909577 58
    endloop
  endfacet
  facet normal -0.649448048330183 0.7604059656000315 0
    outer loop
      vertex -2.5172815641993496 3.1085838458278836 23.2
      vertex -2.676522425435433 2.972579301909577 58
      vertex -2.5172815641993496 3.1085838458278836 58
    endloop
  endfacet
  facet normal -0.6087614290087214 0.7933533402912347 0
    outer loop
      vertex -2.3511410091698925 3.23606797749979 23.2
      vertex -2.5172815641993496 3.1085838458278836 58
      vertex -2.3511410091698925 3.23606797749979 58
    endloop
  endfacet
  facet normal -0.5664062369248327 0.8241261886220157 0
    outer loop
      vertex -2.1785561400601083 3.354682271781696 23.2
      vertex -2.3511410091698925 3.23606797749979 58
      vertex -2.1785561400601083 3.354682271781696 58
    endloop
  endfacet
  facet normal -0.5224985647159478 0.8526401643540928 0
    outer loop
      vertex -2 3.4641016151377544 23.2
      vertex -2.1785561400601083 3.354682271781696 58
      vertex -2 3.4641016151377544 58
    endloop
  endfacet
  facet normal -0.4771587602596094 0.8788171126619648 0
    outer loop
      vertex -1.815961998958187 3.5640260967534716 23.2
      vertex -2 3.4641016151377544 58
      vertex -1.815961998958187 3.5640260967534716 58
    endloop
  endfacet
  facet normal -0.43051109680829447 0.9025852843498609 0
    outer loop
      vertex -1.6269465723032008 3.6541818305704035 23.2
      vertex -1.815961998958187 3.5640260967534716 58
      vertex -1.6269465723032008 3.6541818305704035 58
    endloop
  endfacet
  facet normal -0.3826834323650901 0.9238795325112867 0
    outer loop
      vertex -1.433471798181201 3.734321705988807 23.2
      vertex -1.6269465723032008 3.6541818305704035 58
      vertex -1.433471798181201 3.734321705988807 58
    endloop
  endfacet
  facet normal 0 0 1
    outer loop
      vertex -1.6269465723032008 3.6541818305704035 58
      vertex -1.4265847744427302 0.46352549156242107 58
      vertex -1.433471798181201 3.734321705988807 58
    endloop
  endfacet
  facet normal 0 0 1
    outer loop
      vertex -1.433471798181201 3.734321705988807 58
      vertex -1.2135254915624212 0.8816778784387097 58
      vertex -1.2360679774997896 3.804226065180614 58
    endloop
  endfacet
  facet normal 0 0 1
    outer loop
      vertex -1.2360679774997896 3.804226065180614 58
      vertex -1.0036959095382874 1.1147172382160915 58
      vertex -1.035276180410083 3.8637033051562732 58
    endloop
  endfacet
  facet normal 0 0 1
    outer loop
      vertex -1.035276180410083 3.8637033051562732 58
      vertex -0.8169585525225407 1.258005851918136 58
      vertex -0.8316467632710374 3.9125904029352228 58
    endloop
  endfacet
  facet normal 0 0 1
    outer loop
      vertex -0.8316467632710374 3.9125904029352228 58
      vertex -0.6101049646137003 1.3703181864639014 58
      vertex -0.6257378601609235 3.950753362380551 58
    endloop
  endfacet
  facet normal 0 0 1
    outer loop
      vertex -0.6257378601609235 3.950753362380551 58
      vertex -0.3882285676537811 1.4488887394336025 58
      vertex -0.4181138530706139 3.978087581473093 58
    endloop
  endfacet
  facet normal 0 0 1
    outer loop
      vertex -0.4181138530706139 3.978087581473093 58
      vertex -0.1567926949014802 1.4917828430524098 58
      vertex -0.20934382497177534 3.9945181390182953 58
    endloop
  endfacet
  facet normal 0 0 1
    outer loop
      vertex -0.20934382497177534 3.9945181390182953 58
      vertex -0.07850393436441575 1.4979443021318608 58
      vertex 0 4 58
    endloop
  endfacet
  facet normal -0.3338068592337702 0.9426414910921787 0
    outer loop
      vertex -1.2360679774997896 3.804226065180614 23.2
      vertex -1.433471798181201 3.734321705988807 58
      vertex -1.2360679774997896 3.804226065180614 58
    endloop
  endfacet
  facet normal -0.28401534470392376 0.9588197348681926 0
    outer loop
      vertex -1.035276180410083 3.8637033051562732 23.2
      vertex -1.2360679774997896 3.804226065180614 58
      vertex -1.035276180410083 3.8637033051562732 58
    endloop
  endfacet
  facet normal -0.233445363855906 0.9723699203976764 0
    outer loop
      vertex -0.8316467632710374 3.9125904029352228 23.2
      vertex -1.035276180410083 3.8637033051562732 58
      vertex -0.8316467632710374 3.9125904029352228 58
    endloop
  endfacet
  facet normal -0.1822355254921473 0.9832549075639546 0
    outer loop
      vertex -0.6257378601609235 3.950753362380551 23.2
      vertex -0.8316467632710374 3.9125904029352228 58
      vertex -0.6257378601609235 3.950753362380551 58
    endloop
  endfacet
  facet normal -0.13052619222004988 0.9914448613738106 0
    outer loop
      vertex -0.4181138530706139 3.978087581473093 23.2
      vertex -0.6257378601609235 3.950753362380551 58
      vertex -0.4181138530706139 3.978087581473093 58
    endloop
  endfacet
  facet normal -0.07845909572784507 0.9969173337331279 0
    outer loop
      vertex -0.20934382497177534 3.9945181390182953 23.2
      vertex -0.4181138530706139 3.978087581473093 58
      vertex -0.20934382497177534 3.9945181390182953 58
    endloop
  endfacet
  facet normal -0.026176948307873923 0.9996573249755573 0
    outer loop
      vertex -0.20934382497177534 3.9945181390182953 58
      vertex 0 4 58
      vertex 0 4 23.2
    endloop
  endfacet
  facet normal 0 -1 0
    outer loop
      vertex -2.886751345948129 -5 0
      vertex 2.886751345948129 -5 0
      vertex 2.886751345948129 -5 23.2
    endloop
  endfacet
  facet normal 0 0 1
    outer loop
      vertex -2.886751345948129 -5 23.2
      vertex 2.886751345948129 -5 23.2
      vertex 0.6257378601609235 -3.950753362380551 23.2
    endloop
  endfacet
  facet normal 0 0 1
    outer loop
      vertex 0.6257378601609235 -3.950753362380551 23.2
      vertex 2.886751345948129 -5 23.2
      vertex 0.8316467632710374 -3.9125904029352228 23.2
    endloop
  endfacet
  facet normal 0 0 1
    outer loop
      vertex 0.8316467632710374 -3.9125904029352228 23.2
      vertex 2.886751345948129 -5 23.2
      vertex 1.035276180410083 -3.8637033051562732 23.2
    endloop
  endfacet
  facet normal 0 0 1
    outer loop
      vertex 1.035276180410083 -3.8637033051562732 23.2
      vertex 2.886751345948129 -5 23.2
      vertex 1.2360679774997896 -3.804226065180614 23.2
    endloop
  endfacet
  facet normal 0 0 1
    outer loop
      vertex 1.2360679774997896 -3.804226065180614 23.2
      vertex 2.886751345948129 -5 23.2
      vertex 1.433471798181201 -3.734321705988807 23.2
    endloop
  endfacet
  facet normal 0 0 1
    outer loop
      vertex 1.433471798181201 -3.734321705988807 23.2
      vertex 2.886751345948129 -5 23.2
      vertex 1.6269465723032008 -3.6541818305704035 23.2
    endloop
  endfacet
  facet normal 0 0 1
    outer loop
      vertex 1.6269465723032008 -3.6541818305704035 23.2
      vertex 2.886751345948129 -5 23.2
      vertex 1.815961998958187 -3.5640260967534716 23.2
    endloop
  endfacet
  facet normal 0 0 1
    outer loop
      vertex 1.815961998958187 -3.5640260967534716 23.2
      vertex 2.886751345948129 -5 23.2
      vertex 2 -3.4641016151377544 23.2
    endloop
  endfacet
  facet normal 0 0 1
    outer loop
      vertex 2 -3.4641016151377544 23.2
      vertex 2.886751345948129 -5 23.2
      vertex 2.1785561400601083 -3.354682271781696 23.2
    endloop
  endfacet
  facet normal 0 0 1
    outer loop
      vertex 2.1785561400601083 -3.354682271781696 23.2
      vertex 2.886751345948129 -5 23.2
      vertex 2.3511410091698925 -3.23606797749979 23.2
    endloop
  endfacet
  facet normal 0 0 1
    outer loop
      vertex 2.3511410091698925 -3.23606797749979 23.2
      vertex 2.886751345948129 -5 23.2
      vertex 2.5172815641993496 -3.1085838458278836 23.2
    endloop
  endfacet
  facet normal 0 0 1
    outer loop
      vertex 2.5172815641993496 -3.1085838458278836 23.2
      vertex 2.886751345948129 -5 23.2
      vertex 2.676522425435433 -2.972579301909577 23.2
    endloop
  endfacet
  facet normal 0 0 1
    outer loop
      vertex 2.676522425435433 -2.972579301909577 23.2
      vertex 2.886751345948129 -5 23.2
      vertex 2.8284271247461903 -2.8284271247461903 23.2
    endloop
  endfacet
  facet normal 0 0 -1
    outer loop
      vertex -2.886751345948129 -5 0
      vertex 2.886751345948129 5 0
      vertex 2.886751345948129 -5 0
    endloop
  endfacet
  facet normal 0.8660254037844386 -0.5 0
    outer loop
      vertex 2.886751345948129 -5 0
      vertex 5.773502691896258 0 0
      vertex 2.886751345948129 -5 23.2
    endloop
  endfacet
  facet normal 0 0 1
    outer loop
      vertex 2.8284271247461903 -2.8284271247461903 23.2
      vertex 2.886751345948129 -5 23.2
      vertex 2.972579301909577 -2.676522425435433 23.2
    endloop
  endfacet
  facet normal 0 0 1
    outer loop
      vertex 2.886751345948129 -5 23.2
      vertex 3.1085838458278836 -2.5172815641993496 23.2
      vertex 2.972579301909577 -2.676522425435433 23.2
    endloop
  endfacet
  facet normal 0 0 1
    outer loop
      vertex 2.886751345948129 -5 23.2
      vertex 3.23606797749979 -2.3511410091698925 23.2
      vertex 3.1085838458278836 -2.5172815641993496 23.2
    endloop
  endfacet
  facet normal 0 0 1
    outer loop
      vertex 2.886751345948129 -5 23.2
      vertex 3.354682271781696 -2.1785561400601083 23.2
      vertex 3.23606797749979 -2.3511410091698925 23.2
    endloop
  endfacet
  facet normal 0 0 1
    outer loop
      vertex 2.886751345948129 -5 23.2
      vertex 3.4641016151377544 -2 23.2
      vertex 3.354682271781696 -2.1785561400601083 23.2
    endloop
  endfacet
  facet normal 0 0 1
    outer loop
      vertex 2.886751345948129 -5 23.2
      vertex 3.5640260967534716 -1.815961998958187 23.2
      vertex 3.4641016151377544 -2 23.2
    endloop
  endfacet
  facet normal 0 0 1
    outer loop
      vertex 2.886751345948129 -5 23.2
      vertex 3.6541818305704035 -1.6269465723032008 23.2
      vertex 3.5640260967534716 -1.815961998958187 23.2
    endloop
  endfacet
  facet normal 0 0 1
    outer loop
      vertex 2.886751345948129 -5 23.2
      vertex 3.734321705988807 -1.433471798181201 23.2
      vertex 3.6541818305704035 -1.6269465723032008 23.2
    endloop
  endfacet
  facet normal 0 0 1
    outer loop
      vertex 2.886751345948129 -5 23.2
      vertex 5.773502691896258 0 23.2
      vertex 3.734321705988807 -1.433471798181201 23.2
    endloop
  endfacet
  facet normal 0.8660254037844386 -0.5 0
    outer loop
      vertex 2.886751345948129 -5 23.2
      vertex 5.773502691896258 0 0
      vertex 5.773502691896258 0 23.2
    endloop
  endfacet
  facet normal 0 0 1
    outer loop
      vertex 3.734321705988807 -1.433471798181201 23.2
      vertex 5.773502691896258 0 23.2
      vertex 3.804226065180614 -1.2360679774997896 23.2
    endloop
  endfacet
  facet normal 0 0 1
    outer loop
      vertex 3.804226065180614 -1.2360679774997896 23.2
      vertex 5.773502691896258 0 23.2
      vertex 3.8637033051562732 -1.035276180410083 23.2
    endloop
  endfacet
  facet normal 0 0 1
    outer loop
      vertex 3.8637033051562732 -1.035276180410083 23.2
      vertex 5.773502691896258 0 23.2
      vertex 3.9125904029352228 -0.8316467632710374 23.2
    endloop
  endfacet
  facet normal 0 0 1
    outer loop
      vertex 3.9125904029352228 -0.8316467632710374 23.2
      vertex 5.773502691896258 0 23.2
      vertex 3.950753362380551 -0.6257378601609235 23.2
    endloop
  endfacet
  facet normal 0 0 1
    outer loop
      vertex 3.950753362380551 -0.6257378601609235 23.2
      vertex 5.773502691896258 0 23.2
      vertex 3.978087581473093 -0.4181138530706139 23.2
    endloop
  endfacet
  facet normal 0 0 1
    outer loop
      vertex 3.978087581473093 -0.4181138530706139 23.2
      vertex 5.773502691896258 0 23.2
      vertex 3.9945181390182953 -0.20934382497177534 23.2
    endloop
  endfacet
  facet normal 0 0 1
    outer loop
      vertex 3.9945181390182953 -0.20934382497177534 23.2
      vertex 5.773502691896258 0 23.2
      vertex 4 0 23.2
    endloop
  endfacet
  facet normal 0.026176948307873923 -0.9996573249755573 0
    outer loop
      vertex 0 -4 23.2
      vertex 0.20934382497177534 -3.9945181390182953 23.2
      vertex 0.20934382497177534 -3.9945181390182953 58
    endloop
  endfacet
  facet normal 0.07845909572784507 -0.9969173337331279 0
    outer loop
      vertex 0.20934382497177534 -3.9945181390182953 23.2
      vertex 0.4181138530706139 -3.978087581473093 23.2
      vertex 0.4181138530706139 -3.978087581473093 58
    endloop
  endfacet
  facet normal 0.13052619222004988 -0.9914448613738106 0
    outer loop
      vertex 0.4181138530706139 -3.978087581473093 23.2
      vertex 0.6257378601609235 -3.950753362380551 23.2
      vertex 0.6257378601609235 -3.950753362380551 58
    endloop
  endfacet
  facet normal 0.1822355254921473 -0.9832549075639546 0
    outer loop
      vertex 0.6257378601609235 -3.950753362380551 23.2
      vertex 0.8316467632710374 -3.9125904029352228 23.2
      vertex 0.8316467632710374 -3.9125904029352228 58
    endloop
  endfacet
  facet normal 0.233445363855906 -0.9723699203976764 0
    outer loop
      vertex 0.8316467632710374 -3.9125904029352228 23.2
      vertex 1.035276180410083 -3.8637033051562732 23.2
      vertex 1.035276180410083 -3.8637033051562732 58
    endloop
  endfacet
  facet normal 0.28401534470392376 -0.9588197348681926 0
    outer loop
      vertex 1.035276180410083 -3.8637033051562732 23.2
      vertex 1.2360679774997896 -3.804226065180614 23.2
      vertex 1.2360679774997896 -3.804226065180614 58
    endloop
  endfacet
  facet normal 0.3338068592337702 -0.9426414910921787 0
    outer loop
      vertex 1.2360679774997896 -3.804226065180614 23.2
      vertex 1.433471798181201 -3.734321705988807 23.2
      vertex 1.433471798181201 -3.734321705988807 58
    endloop
  endfacet
  facet normal 0.3826834323650901 -0.9238795325112867 0
    outer loop
      vertex 1.433471798181201 -3.734321705988807 23.2
      vertex 1.6269465723032008 -3.6541818305704035 23.2
      vertex 1.6269465723032008 -3.6541818305704035 58
    endloop
  endfacet
  facet normal 0.43051109680829447 -0.9025852843498609 0
    outer loop
      vertex 1.6269465723032008 -3.6541818305704035 23.2
      vertex 1.815961998958187 -3.5640260967534716 23.2
      vertex 1.815961998958187 -3.5640260967534716 58
    endloop
  endfacet
  facet normal 0.4771587602596094 -0.8788171126619648 0
    outer loop
      vertex 1.815961998958187 -3.5640260967534716 23.2
      vertex 2 -3.4641016151377544 23.2
      vertex 2 -3.4641016151377544 58
    endloop
  endfacet
  facet normal 0.5224985647159478 -0.8526401643540928 0
    outer loop
      vertex 2 -3.4641016151377544 23.2
      vertex 2.1785561400601083 -3.354682271781696 23.2
      vertex 2.1785561400601083 -3.354682271781696 58
    endloop
  endfacet
  facet normal 0.5664062369248327 -0.8241261886220157 0
    outer loop
      vertex 2.1785561400601083 -3.354682271781696 23.2
      vertex 2.3511410091698925 -3.23606797749979 23.2
      vertex 2.3511410091698925 -3.23606797749979 58
    endloop
  endfacet
  facet normal 0.6087614290087214 -0.7933533402912347 0
    outer loop
      vertex 2.3511410091698925 -3.23606797749979 23.2
      vertex 2.5172815641993496 -3.1085838458278836 23.2
      vertex 2.5172815641993496 -3.1085838458278836 58
    endloop
  endfacet
  facet normal 0.649448048330183 -0.7604059656000315 0
    outer loop
      vertex 2.5172815641993496 -3.1085838458278836 23.2
      vertex 2.676522425435433 -2.972579301909577 23.2
      vertex 2.676522425435433 -2.972579301909577 58
    endloop
  endfacet
  facet normal 0.6883545756937532 -0.7253743710122882 0
    outer loop
      vertex 2.676522425435433 -2.972579301909577 23.2
      vertex 2.8284271247461903 -2.8284271247461903 23.2
      vertex 2.8284271247461903 -2.8284271247461903 58
    endloop
  endfacet
  facet normal 0.026176948307873923 -0.9996573249755573 0
    outer loop
      vertex 0 -4 23.2
      vertex 0.20934382497177534 -3.9945181390182953 58
      vertex 0 -4 58
    endloop
  endfacet
  facet normal 0.07845909572784507 -0.9969173337331279 0
    outer loop
      vertex 0.20934382497177534 -3.9945181390182953 23.2
      vertex 0.4181138530706139 -3.978087581473093 58
      vertex 0.20934382497177534 -3.9945181390182953 58
    endloop
  endfacet
  facet normal 0.13052619222004988 -0.9914448613738106 0
    outer loop
      vertex 0.4181138530706139 -3.978087581473093 23.2
      vertex 0.6257378601609235 -3.950753362380551 58
      vertex 0.4181138530706139 -3.978087581473093 58
    endloop
  endfacet
  facet normal 0.1822355254921473 -0.9832549075639546 0
    outer loop
      vertex 0.6257378601609235 -3.950753362380551 23.2
      vertex 0.8316467632710374 -3.9125904029352228 58
      vertex 0.6257378601609235 -3.950753362380551 58
    endloop
  endfacet
  facet normal 0.233445363855906 -0.9723699203976764 0
    outer loop
      vertex 0.8316467632710374 -3.9125904029352228 23.2
      vertex 1.035276180410083 -3.8637033051562732 58
      vertex 0.8316467632710374 -3.9125904029352228 58
    endloop
  endfacet
  facet normal 0.28401534470392376 -0.9588197348681926 0
    outer loop
      vertex 1.035276180410083 -3.8637033051562732 23.2
      vertex 1.2360679774997896 -3.804226065180614 58
      vertex 1.035276180410083 -3.8637033051562732 58
    endloop
  endfacet
  facet normal 0.3338068592337702 -0.9426414910921787 0
    outer loop
      vertex 1.2360679774997896 -3.804226065180614 23.2
      vertex 1.433471798181201 -3.734321705988807 58
      vertex 1.2360679774997896 -3.804226065180614 58
    endloop
  endfacet
  facet normal 0 0 1
    outer loop
      vertex 0 -4 58
      vertex 0.20934382497177534 -3.9945181390182953 58
      vertex 0.07850393436441575 -1.4979443021318608 58
    endloop
  endfacet
  facet normal 0 0 1
    outer loop
      vertex 0.20934382497177534 -3.9945181390182953 58
      vertex 0.4181138530706139 -3.978087581473093 58
      vertex 0.1567926949014802 -1.4917828430524098 58
    endloop
  endfacet
  facet normal 0 0 1
    outer loop
      vertex 0.4181138530706139 -3.978087581473093 58
      vertex 0.6257378601609235 -3.950753362380551 58
      vertex 0.3882285676537811 -1.4488887394336025 58
    endloop
  endfacet
  facet normal 0 0 1
    outer loop
      vertex 0.6257378601609235 -3.950753362380551 58
      vertex 0.8316467632710374 -3.9125904029352228 58
      vertex 0.6101049646137003 -1.3703181864639014 58
    endloop
  endfacet
  facet normal 0 0 1
    outer loop
      vertex 0.8316467632710374 -3.9125904029352228 58
      vertex 1.035276180410083 -3.8637033051562732 58
      vertex 0.8169585525225407 -1.258005851918136 58
    endloop
  endfacet
  facet normal 0 0 1
    outer loop
      vertex 1.035276180410083 -3.8637033051562732 58
      vertex 1.2360679774997896 -3.804226065180614 58
      vertex 1.0036959095382874 -1.1147172382160915 58
    endloop
  endfacet
  facet normal 0 0 1
    outer loop
      vertex 1.2360679774997896 -3.804226065180614 58
      vertex 1.433471798181201 -3.734321705988807 58
      vertex 1.2135254915624212 -0.8816778784387097 58
    endloop
  endfacet
  facet normal 0.3826834323650901 -0.9238795325112867 0
    outer loop
      vertex 1.433471798181201 -3.734321705988807 23.2
      vertex 1.6269465723032008 -3.6541818305704035 58
      vertex 1.433471798181201 -3.734321705988807 58
    endloop
  endfacet
  facet normal 0.43051109680829447 -0.9025852843498609 0
    outer loop
      vertex 1.6269465723032008 -3.6541818305704035 23.2
      vertex 1.815961998958187 -3.5640260967534716 58
      vertex 1.6269465723032008 -3.6541818305704035 58
    endloop
  endfacet
  facet normal 0.4771587602596094 -0.8788171126619648 0
    outer loop
      vertex 1.815961998958187 -3.5640260967534716 23.2
      vertex 2 -3.4641016151377544 58
      vertex 1.815961998958187 -3.5640260967534716 58
    endloop
  endfacet
  facet normal 0.5224985647159478 -0.8526401643540928 0
    outer loop
      vertex 2 -3.4641016151377544 23.2
      vertex 2.1785561400601083 -3.354682271781696 58
      vertex 2 -3.4641016151377544 58
    endloop
  endfacet
  facet normal 0.5664062369248327 -0.8241261886220157 0
    outer loop
      vertex 2.1785561400601083 -3.354682271781696 23.2
      vertex 2.3511410091698925 -3.23606797749979 58
      vertex 2.1785561400601083 -3.354682271781696 58
    endloop
  endfacet
  facet normal 0.6087614290087214 -0.7933533402912347 0
    outer loop
      vertex 2.3511410091698925 -3.23606797749979 23.2
      vertex 2.5172815641993496 -3.1085838458278836 58
      vertex 2.3511410091698925 -3.23606797749979 58
    endloop
  endfacet
  facet normal 0.649448048330183 -0.7604059656000315 0
    outer loop
      vertex 2.5172815641993496 -3.1085838458278836 23.2
      vertex 2.676522425435433 -2.972579301909577 58
      vertex 2.5172815641993496 -3.1085838458278836 58
    endloop
  endfacet
  facet normal 0.6883545756937532 -0.7253743710122882 0
    outer loop
      vertex 2.676522425435433 -2.972579301909577 23.2
      vertex 2.8284271247461903 -2.8284271247461903 58
      vertex 2.676522425435433 -2.972579301909577 58
    endloop
  endfacet
  facet normal 0.7253743710122882 -0.6883545756937532 0
    outer loop
      vertex 2.8284271247461903 -2.8284271247461903 23.2
      vertex 2.972579301909577 -2.676522425435433 58
      vertex 2.8284271247461903 -2.8284271247461903 58
    endloop
  endfacet
  facet normal 0 0 1
    outer loop
      vertex 1.433471798181201 -3.734321705988807 58
      vertex 1.6269465723032008 -3.6541818305704035 58
      vertex 1.4265847744427302 -0.46352549156242107 58
    endloop
  endfacet
  facet normal 0 0 1
    outer loop
      vertex 0 -4 58
      vertex 0.07850393436441575 -1.4979443021318608 58
      vertex 0 -1.5 58
    endloop
  endfacet
  facet normal 0 0 1
    outer loop
      vertex 0.20934382497177534 -3.9945181390182953 58
      vertex 0.1567926949014802 -1.4917828430524098 58
      vertex 0.07850393436441575 -1.4979443021318608 58
    endloop
  endfacet
  facet normal 0 0 1
    outer loop
      vertex 0.4181138530706139 -3.978087581473093 58
      vertex 0.23465169756034632 -1.4815325108927067 58
      vertex 0.1567926949014802 -1.4917828430524098 58
    endloop
  endfacet
  facet normal 0 0 1
    outer loop
      vertex 0.4181138530706139 -3.978087581473093 58
      vertex 0.311867536226639 -1.4672214011007085 58
      vertex 0.23465169756034632 -1.4815325108927067 58
    endloop
  endfacet
  facet normal 0 0 1
    outer loop
      vertex 0.4181138530706139 -3.978087581473093 58
      vertex 0.3882285676537811 -1.4488887394336025 58
      vertex 0.311867536226639 -1.4672214011007085 58
    endloop
  endfacet
  facet normal 0 0 1
    outer loop
      vertex 0.6257378601609235 -3.950753362380551 58
      vertex 0.46352549156242107 -1.4265847744427302 58
      vertex 0.3882285676537811 -1.4488887394336025 58
    endloop
  endfacet
  facet normal 0 0 1
    outer loop
      vertex 0.6257378601609235 -3.950753362380551 58
      vertex 0.5375519243179504 -1.4003706397458027 58
      vertex 0.46352549156242107 -1.4265847744427302 58
    endloop
  endfacet
  facet normal 0 0 1
    outer loop
      vertex 0.6257378601609235 -3.950753362380551 58
      vertex 0.6101049646137003 -1.3703181864639014 58
      vertex 0.5375519243179504 -1.4003706397458027 58
    endloop
  endfacet
  facet normal 0 0 1
    outer loop
      vertex 0.8316467632710374 -3.9125904029352228 58
      vertex 0.6809857496093201 -1.336509786282552 58
      vertex 0.6101049646137003 -1.3703181864639014 58
    endloop
  endfacet
  facet normal -0.02617694830787322 0.9996573249755571 0
    outer loop
      vertex 0 -1.5 57
      vertex 0 -1.5 58
      vertex 0.07850393436441575 -1.4979443021318608 57
    endloop
  endfacet
  facet normal -0.02617694830787322 0.9996573249755571 0
    outer loop
      vertex 0.07850393436441575 -1.4979443021318608 57
      vertex 0 -1.5 58
      vertex 0.07850393436441575 -1.4979443021318608 58
    endloop
  endfacet
  facet normal -0.07845909572784718 0.9969173337331279 0
    outer loop
      vertex 0.07850393436441575 -1.4979443021318608 57
      vertex 0.07850393436441575 -1.4979443021318608 58
      vertex 0.1567926949014802 -1.4917828430524098 57
    endloop
  endfacet
  facet normal -0.07845909572784718 0.9969173337331279 0
    outer loop
      vertex 0.1567926949014802 -1.4917828430524098 57
      vertex 0.07850393436441575 -1.4979443021318608 58
      vertex 0.1567926949014802 -1.4917828430524098 58
    endloop
  endfacet
  facet normal -0.13052619222004846 0.9914448613738109 0
    outer loop
      vertex 0.1567926949014802 -1.4917828430524098 57
      vertex 0.1567926949014802 -1.4917828430524098 58
      vertex 0.23465169756034632 -1.4815325108927067 57
    endloop
  endfacet
  facet normal -0.13052619222004846 0.9914448613738109 0
    outer loop
      vertex 0.23465169756034632 -1.4815325108927067 57
      vertex 0.1567926949014802 -1.4917828430524098 58
      vertex 0.23465169756034632 -1.4815325108927067 58
    endloop
  endfacet
  facet normal -0.1822355254921474 0.9832549075639545 0
    outer loop
      vertex 0.23465169756034632 -1.4815325108927067 57
      vertex 0.23465169756034632 -1.4815325108927067 58
      vertex 0.311867536226639 -1.4672214011007085 57
    endloop
  endfacet
  facet normal -0.23344536385590525 0.9723699203976767 0
    outer loop
      vertex 0.311867536226639 -1.4672214011007085 57
      vertex 0.311867536226639 -1.4672214011007085 58
      vertex 0.3882285676537811 -1.4488887394336025 57
    endloop
  endfacet
  facet normal -0.1822355254921474 0.9832549075639545 0
    outer loop
      vertex 0.311867536226639 -1.4672214011007085 57
      vertex 0.23465169756034632 -1.4815325108927067 58
      vertex 0.311867536226639 -1.4672214011007085 58
    endloop
  endfacet
  facet normal -0.2840153447039252 0.9588197348681922 0
    outer loop
      vertex 0.3882285676537811 -1.4488887394336025 57
      vertex 0.3882285676537811 -1.4488887394336025 58
      vertex 0.46352549156242107 -1.4265847744427302 57
    endloop
  endfacet
  facet normal -0.23344536385590525 0.9723699203976767 0
    outer loop
      vertex 0.3882285676537811 -1.4488887394336025 57
      vertex 0.311867536226639 -1.4672214011007085 58
      vertex 0.3882285676537811 -1.4488887394336025 58
    endloop
  endfacet
  facet normal -0.2840153447039252 0.9588197348681922 0
    outer loop
      vertex 0.46352549156242107 -1.4265847744427302 57
      vertex 0.3882285676537811 -1.4488887394336025 58
      vertex 0.46352549156242107 -1.4265847744427302 58
    endloop
  endfacet
  facet normal -0.33380685923376885 0.9426414910921792 0
    outer loop
      vertex 0.46352549156242107 -1.4265847744427302 57
      vertex 0.46352549156242107 -1.4265847744427302 58
      vertex 0.5375519243179504 -1.4003706397458027 57
    endloop
  endfacet
  facet normal -0.33380685923376885 0.9426414910921792 0
    outer loop
      vertex 0.5375519243179504 -1.4003706397458027 57
      vertex 0.46352549156242107 -1.4265847744427302 58
      vertex 0.5375519243179504 -1.4003706397458027 58
    endloop
  endfacet
  facet normal -0.38268343236509 0.9238795325112867 0
    outer loop
      vertex 0.5375519243179504 -1.4003706397458027 57
      vertex 0.5375519243179504 -1.4003706397458027 58
      vertex 0.6101049646137003 -1.3703181864639014 57
    endloop
  endfacet
  facet normal -0.38268343236509 0.9238795325112867 0
    outer loop
      vertex 0.6101049646137003 -1.3703181864639014 57
      vertex 0.5375519243179504 -1.4003706397458027 58
      vertex 0.6101049646137003 -1.3703181864639014 58
    endloop
  endfacet
  facet normal -0.4305110968082946 0.9025852843498609 0
    outer loop
      vertex 0.6101049646137003 -1.3703181864639014 57
      vertex 0.6101049646137003 -1.3703181864639014 58
      vertex 0.6809857496093201 -1.336509786282552 57
    endloop
  endfacet
  facet normal -0.4305110968082946 0.9025852843498609 0
    outer loop
      vertex 0.6809857496093201 -1.336509786282552 57
      vertex 0.6101049646137003 -1.3703181864639014 58
      vertex 0.6809857496093201 -1.336509786282552 58
    endloop
  endfacet
  facet normal -0.47715876025960885 0.8788171126619653 0
    outer loop
      vertex 0.6809857496093201 -1.336509786282552 57
      vertex 0.6809857496093201 -1.336509786282552 58
      vertex 0.75 -1.299038105676658 57
    endloop
  endfacet
  facet normal 0 0 1
    outer loop
      vertex 0.8316467632710374 -3.9125904029352228 58
      vertex 0.75 -1.299038105676658 58
      vertex 0.6809857496093201 -1.336509786282552 58
    endloop
  endfacet
  facet normal 0 0 1
    outer loop
      vertex 0.8316467632710374 -3.9125904029352228 58
      vertex 0.8169585525225407 -1.258005851918136 58
      vertex 0.75 -1.299038105676658 58
    endloop
  endfacet
  facet normal 0 0 1
    outer loop
      vertex 1.035276180410083 -3.8637033051562732 58
      vertex 0.8816778784387097 -1.2135254915624212 58
      vertex 0.8169585525225407 -1.258005851918136 58
    endloop
  endfacet
  facet normal 0 0 1
    outer loop
      vertex 1.035276180410083 -3.8637033051562732 58
      vertex 0.9439805865747561 -1.1657189421854564 58
      vertex 0.8816778784387097 -1.2135254915624212 58
    endloop
  endfacet
  facet normal 0 0 1
    outer loop
      vertex 1.035276180410083 -3.8637033051562732 58
      vertex 1.0036959095382874 -1.1147172382160915 58
      vertex 0.9439805865747561 -1.1657189421854564 58
    endloop
  endfacet
  facet normal 0 0 1
    outer loop
      vertex 1.2360679774997896 -3.804226065180614 58
      vertex 1.0606601717798214 -1.0606601717798214 58
      vertex 1.0036959095382874 -1.1147172382160915 58
    endloop
  endfacet
  facet normal 0 0 1
    outer loop
      vertex 1.2360679774997896 -3.804226065180614 58
      vertex 1.1147172382160915 -1.0036959095382874 58
      vertex 1.0606601717798214 -1.0606601717798214 58
    endloop
  endfacet
  facet normal 0 0 1
    outer loop
      vertex 1.2360679774997896 -3.804226065180614 58
      vertex 1.1657189421854564 -0.9439805865747561 58
      vertex 1.1147172382160915 -1.0036959095382874 58
    endloop
  endfacet
  facet normal 0 0 1
    outer loop
      vertex 1.2360679774997896 -3.804226065180614 58
      vertex 1.2135254915624212 -0.8816778784387097 58
      vertex 1.1657189421854564 -0.9439805865747561 58
    endloop
  endfacet
  facet normal -0.5224985647159486 0.8526401643540925 0
    outer loop
      vertex 0.75 -1.299038105676658 57
      vertex 0.75 -1.299038105676658 58
      vertex 0.8169585525225407 -1.258005851918136 57
    endloop
  endfacet
  facet normal -0.47715876025960885 0.8788171126619653 0
    outer loop
      vertex 0.75 -1.299038105676658 57
      vertex 0.6809857496093201 -1.336509786282552 58
      vertex 0.75 -1.299038105676658 58
    endloop
  endfacet
  facet normal -0.5224985647159486 0.8526401643540925 0
    outer loop
      vertex 0.8169585525225407 -1.258005851918136 57
      vertex 0.75 -1.299038105676658 58
      vertex 0.8169585525225407 -1.258005851918136 58
    endloop
  endfacet
  facet normal 0 0 1
    outer loop
      vertex 1.433471798181201 -3.734321705988807 58
      vertex 1.258005851918136 -0.8169585525225407 58
      vertex 1.2135254915624212 -0.8816778784387097 58
    endloop
  endfacet
  facet normal 0 0 1
    outer loop
      vertex 1.433471798181201 -3.734321705988807 58
      vertex 1.299038105676658 -0.75 58
      vertex 1.258005851918136 -0.8169585525225407 58
    endloop
  endfacet
  facet normal 0 0 1
    outer loop
      vertex 1.433471798181201 -3.734321705988807 58
      vertex 1.336509786282552 -0.6809857496093201 58
      vertex 1.299038105676658 -0.75 58
    endloop
  endfacet
  facet normal 0 0 1
    outer loop
      vertex 1.433471798181201 -3.734321705988807 58
      vertex 1.3703181864639014 -0.6101049646137003 58
      vertex 1.336509786282552 -0.6809857496093201 58
    endloop
  endfacet
  facet normal 0 0 1
    outer loop
      vertex 1.433471798181201 -3.734321705988807 58
      vertex 1.4003706397458027 -0.5375519243179504 58
      vertex 1.3703181864639014 -0.6101049646137003 58
    endloop
  endfacet
  facet normal 0 0 1
    outer loop
      vertex 1.433471798181201 -3.734321705988807 58
      vertex 1.4265847744427302 -0.46352549156242107 58
      vertex 1.4003706397458027 -0.5375519243179504 58
    endloop
  endfacet
  facet normal 0 0 1
    outer loop
      vertex 0 -1.5 57
      vertex 0.07850393436441575 -1.4979443021318608 57
      vertex 0.07850393436441575 1.4979443021318608 57
    endloop
  endfacet
  facet normal 0 0 1
    outer loop
      vertex 0.07850393436441575 -1.4979443021318608 57
      vertex 0.1567926949014802 -1.4917828430524098 57
      vertex 0.1567926949014802 1.4917828430524098 57
    endloop
  endfacet
  facet normal 0 0 1
    outer loop
      vertex 0.1567926949014802 -1.4917828430524098 57
      vertex 0.23465169756034632 -1.4815325108927067 57
      vertex 0.23465169756034632 1.4815325108927067 57
    endloop
  endfacet
  facet normal 0 0 1
    outer loop
      vertex 0.23465169756034632 -1.4815325108927067 57
      vertex 0.311867536226639 -1.4672214011007085 57
      vertex 0.311867536226639 1.4672214011007085 57
    endloop
  endfacet
  facet normal 0 0 1
    outer loop
      vertex 0.311867536226639 -1.4672214011007085 57
      vertex 0.3882285676537811 -1.4488887394336025 57
      vertex 0.3882285676537811 1.4488887394336025 57
    endloop
  endfacet
  facet normal 0 0 1
    outer loop
      vertex 0.3882285676537811 -1.4488887394336025 57
      vertex 0.46352549156242107 -1.4265847744427302 57
      vertex 0.46352549156242107 1.4265847744427302 57
    endloop
  endfacet
  facet normal 0 0 1
    outer loop
      vertex 0.46352549156242107 -1.4265847744427302 57
      vertex 0.5375519243179504 -1.4003706397458027 57
      vertex 0.5375519243179504 1.4003706397458027 57
    endloop
  endfacet
  facet normal 0 0 1
    outer loop
      vertex 0.5375519243179504 -1.4003706397458027 57
      vertex 0.6101049646137003 -1.3703181864639014 57
      vertex 0.6101049646137003 1.3703181864639014 57
    endloop
  endfacet
  facet normal 0 0 1
    outer loop
      vertex 0.6101049646137003 -1.3703181864639014 57
      vertex 0.6809857496093201 -1.336509786282552 57
      vertex 0.6809857496093201 1.336509786282552 57
    endloop
  endfacet
  facet normal -0.5664062369248329 0.8241261886220155 0
    outer loop
      vertex 0.8169585525225407 -1.258005851918136 57
      vertex 0.8169585525225407 -1.258005851918136 58
      vertex 0.8816778784387097 -1.2135254915624212 57
    endloop
  endfacet
  facet normal -0.5664062369248329 0.8241261886220155 0
    outer loop
      vertex 0.8816778784387097 -1.2135254915624212 57
      vertex 0.8169585525225407 -1.258005851918136 58
      vertex 0.8816778784387097 -1.2135254915624212 58
    endloop
  endfacet
  facet normal -0.6087614290087209 0.7933533402912348 0
    outer loop
      vertex 0.8816778784387097 -1.2135254915624212 57
      vertex 0.8816778784387097 -1.2135254915624212 58
      vertex 0.9439805865747561 -1.1657189421854564 57
    endloop
  endfacet
  facet normal -0.6087614290087209 0.7933533402912348 0
    outer loop
      vertex 0.9439805865747561 -1.1657189421854564 57
      vertex 0.8816778784387097 -1.2135254915624212 58
      vertex 0.9439805865747561 -1.1657189421854564 58
    endloop
  endfacet
  facet normal -0.6494480483301824 0.7604059656000318 0
    outer loop
      vertex 0.9439805865747561 -1.1657189421854564 57
      vertex 0.9439805865747561 -1.1657189421854564 58
      vertex 1.0036959095382874 -1.1147172382160915 57
    endloop
  endfacet
  facet normal -0.6494480483301824 0.7604059656000318 0
    outer loop
      vertex 1.0036959095382874 -1.1147172382160915 57
      vertex 0.9439805865747561 -1.1657189421854564 58
      vertex 1.0036959095382874 -1.1147172382160915 58
    endloop
  endfacet
  facet normal -0.6883545756937534 0.7253743710122882 0
    outer loop
      vertex 1.0036959095382874 -1.1147172382160915 57
      vertex 1.0036959095382874 -1.1147172382160915 58
      vertex 1.0606601717798214 -1.0606601717798214 57
    endloop
  endfacet
  facet normal -0.7253743710122882 0.6883545756937534 0
    outer loop
      vertex 1.0606601717798214 -1.0606601717798214 57
      vertex 1.0606601717798214 -1.0606601717798214 58
      vertex 1.1147172382160915 -1.0036959095382874 57
    endloop
  endfacet
  facet normal -0.6883545756937534 0.7253743710122882 0
    outer loop
      vertex 1.0606601717798214 -1.0606601717798214 57
      vertex 1.0036959095382874 -1.1147172382160915 58
      vertex 1.0606601717798214 -1.0606601717798214 58
    endloop
  endfacet
  facet normal -0.7253743710122882 0.6883545756937534 0
    outer loop
      vertex 1.1147172382160915 -1.0036959095382874 57
      vertex 1.0606601717798214 -1.0606601717798214 58
      vertex 1.1147172382160915 -1.0036959095382874 58
    endloop
  endfacet
  facet normal -0.7604059656000318 0.6494480483301824 0
    outer loop
      vertex 1.1147172382160915 -1.0036959095382874 57
      vertex 1.1147172382160915 -1.0036959095382874 58
      vertex 1.1657189421854564 -0.9439805865747561 57
    endloop
  endfacet
  facet normal -0.7604059656000318 0.6494480483301824 0
    outer loop
      vertex 1.1657189421854564 -0.9439805865747561 57
      vertex 1.1147172382160915 -1.0036959095382874 58
      vertex 1.1657189421854564 -0.9439805865747561 58
    endloop
  endfacet
  facet normal -0.7933533402912348 0.6087614290087209 0
    outer loop
      vertex 1.1657189421854564 -0.9439805865747561 57
      vertex 1.1657189421854564 -0.9439805865747561 58
      vertex 1.2135254915624212 -0.8816778784387097 57
    endloop
  endfacet
  facet normal -0.8241261886220155 0.5664062369248329 0
    outer loop
      vertex 1.2135254915624212 -0.8816778784387097 57
      vertex 1.2135254915624212 -0.8816778784387097 58
      vertex 1.258005851918136 -0.8169585525225407 57
    endloop
  endfacet
  facet normal -0.7933533402912348 0.6087614290087209 0
    outer loop
      vertex 1.2135254915624212 -0.8816778784387097 57
      vertex 1.1657189421854564 -0.9439805865747561 58
      vertex 1.2135254915624212 -0.8816778784387097 58
    endloop
  endfacet
  facet normal -0.8241261886220155 0.5664062369248329 0
    outer loop
      vertex 1.258005851918136 -0.8169585525225407 57
      vertex 1.2135254915624212 -0.8816778784387097 58
      vertex 1.258005851918136 -0.8169585525225407 58
    endloop
  endfacet
  facet normal -0.8526401643540925 0.5224985647159486 0
    outer loop
      vertex 1.258005851918136 -0.8169585525225407 57
      vertex 1.258005851918136 -0.8169585525225407 58
      vertex 1.299038105676658 -0.75 57
    endloop
  endfacet
  facet normal -0.8788171126619653 0.47715876025960885 0
    outer loop
      vertex 1.299038105676658 -0.75 57
      vertex 1.299038105676658 -0.75 58
      vertex 1.336509786282552 -0.6809857496093201 57
    endloop
  endfacet
  facet normal -0.8526401643540925 0.5224985647159486 0
    outer loop
      vertex 1.299038105676658 -0.75 57
      vertex 1.258005851918136 -0.8169585525225407 58
      vertex 1.299038105676658 -0.75 58
    endloop
  endfacet
  facet normal -0.8788171126619653 0.47715876025960885 0
    outer loop
      vertex 1.336509786282552 -0.6809857496093201 57
      vertex 1.299038105676658 -0.75 58
      vertex 1.336509786282552 -0.6809857496093201 58
    endloop
  endfacet
  facet normal -0.9025852843498609 0.4305110968082946 0
    outer loop
      vertex 1.336509786282552 -0.6809857496093201 57
      vertex 1.336509786282552 -0.6809857496093201 58
      vertex 1.3703181864639014 -0.6101049646137003 57
    endloop
  endfacet
  facet normal -0.9025852843498609 0.4305110968082946 0
    outer loop
      vertex 1.3703181864639014 -0.6101049646137003 57
      vertex 1.336509786282552 -0.6809857496093201 58
      vertex 1.3703181864639014 -0.6101049646137003 58
    endloop
  endfacet
  facet normal 0 0 1
    outer loop
      vertex 0.6809857496093201 -1.336509786282552 57
      vertex 0.75 -1.299038105676658 57
      vertex 0.75 1.299038105676658 57
    endloop
  endfacet
  facet normal 0 0 1
    outer loop
      vertex 0.75 -1.299038105676658 57
      vertex 0.8169585525225407 -1.258005851918136 57
      vertex 0.8169585525225407 1.258005851918136 57
    endloop
  endfacet
  facet normal 0 0 1
    outer loop
      vertex 0.8169585525225407 -1.258005851918136 57
      vertex 0.8816778784387097 -1.2135254915624212 57
      vertex 0.8816778784387097 1.2135254915624212 57
    endloop
  endfacet
  facet normal 0 0 1
    outer loop
      vertex 0.8816778784387097 -1.2135254915624212 57
      vertex 0.9439805865747561 -1.1657189421854564 57
      vertex 0.9439805865747561 1.1657189421854564 57
    endloop
  endfacet
  facet normal 0 0 1
    outer loop
      vertex 0.9439805865747561 -1.1657189421854564 57
      vertex 1.0036959095382874 -1.1147172382160915 57
      vertex 1.0036959095382874 1.1147172382160915 57
    endloop
  endfacet
  facet normal 0 0 1
    outer loop
      vertex 1.0036959095382874 -1.1147172382160915 57
      vertex 1.0606601717798214 -1.0606601717798214 57
      vertex 1.0606601717798214 1.0606601717798214 57
    endloop
  endfacet
  facet normal 0 0 1
    outer loop
      vertex 1.0606601717798214 -1.0606601717798214 57
      vertex 1.1147172382160915 -1.0036959095382874 57
      vertex 1.1147172382160915 1.0036959095382874 57
    endloop
  endfacet
  facet normal 0 0 1
    outer loop
      vertex 1.1147172382160915 -1.0036959095382874 57
      vertex 1.1657189421854564 -0.9439805865747561 57
      vertex 1.1657189421854564 0.9439805865747561 57
    endloop
  endfacet
  facet normal 0 0 1
    outer loop
      vertex 1.1657189421854564 -0.9439805865747561 57
      vertex 1.2135254915624212 -0.8816778784387097 57
      vertex 1.2135254915624212 0.8816778784387097 57
    endloop
  endfacet
  facet normal -0.9238795325112867 0.38268343236509 0
    outer loop
      vertex 1.3703181864639014 -0.6101049646137003 57
      vertex 1.3703181864639014 -0.6101049646137003 58
      vertex 1.4003706397458027 -0.5375519243179504 57
    endloop
  endfacet
  facet normal -0.9238795325112867 0.38268343236509 0
    outer loop
      vertex 1.4003706397458027 -0.5375519243179504 57
      vertex 1.3703181864639014 -0.6101049646137003 58
      vertex 1.4003706397458027 -0.5375519243179504 58
    endloop
  endfacet
  facet normal -0.9426414910921792 0.33380685923376885 0
    outer loop
      vertex 1.4003706397458027 -0.5375519243179504 57
      vertex 1.4003706397458027 -0.5375519243179504 58
      vertex 1.4265847744427302 -0.46352549156242107 57
    endloop
  endfacet
  facet normal -0.9426414910921792 0.33380685923376885 0
    outer loop
      vertex 1.4265847744427302 -0.46352549156242107 57
      vertex 1.4003706397458027 -0.5375519243179504 58
      vertex 1.4265847744427302 -0.46352549156242107 58
    endloop
  endfacet
  facet normal -0.9588197348681922 0.2840153447039252 0
    outer loop
      vertex 1.4265847744427302 -0.46352549156242107 57
      vertex 1.4265847744427302 -0.46352549156242107 58
      vertex 1.4488887394336025 -0.3882285676537811 57
    endloop
  endfacet
  facet normal -0.9588197348681922 0.2840153447039252 0
    outer loop
      vertex 1.4488887394336025 -0.3882285676537811 57
      vertex 1.4265847744427302 -0.46352549156242107 58
      vertex 1.4488887394336025 -0.3882285676537811 58
    endloop
  endfacet
  facet normal 0 0 1
    outer loop
      vertex 1.2135254915624212 -0.8816778784387097 57
      vertex 1.258005851918136 -0.8169585525225407 57
      vertex 1.258005851918136 0.8169585525225407 57
    endloop
  endfacet
  facet normal 0 0 1
    outer loop
      vertex 1.258005851918136 -0.8169585525225407 57
      vertex 1.299038105676658 -0.75 57
      vertex 1.299038105676658 0.75 57
    endloop
  endfacet
  facet normal 0 0 1
    outer loop
      vertex 1.299038105676658 -0.75 57
      vertex 1.336509786282552 -0.6809857496093201 57
      vertex 1.336509786282552 0.6809857496093201 57
    endloop
  endfacet
  facet normal 0 0 1
    outer loop
      vertex 1.336509786282552 -0.6809857496093201 57
      vertex 1.3703181864639014 -0.6101049646137003 57
      vertex 1.3703181864639014 0.6101049646137003 57
    endloop
  endfacet
  facet normal 0 0 1
    outer loop
      vertex 1.3703181864639014 -0.6101049646137003 57
      vertex 1.4003706397458027 -0.5375519243179504 57
      vertex 1.4003706397458027 0.5375519243179504 57
    endloop
  endfacet
  facet normal 0 0 1
    outer loop
      vertex 1.4003706397458027 -0.5375519243179504 57
      vertex 1.4265847744427302 -0.46352549156242107 57
      vertex 1.4265847744427302 0.46352549156242107 57
    endloop
  endfacet
  facet normal 0 0 1
    outer loop
      vertex 1.4265847744427302 -0.46352549156242107 57
      vertex 1.4488887394336025 -0.3882285676537811 57
      vertex 1.4488887394336025 0.3882285676537811 57
    endloop
  endfacet
  facet normal 0 0 1
    outer loop
      vertex 1.6269465723032008 -3.6541818305704035 58
      vertex 1.4488887394336025 -0.3882285676537811 58
      vertex 1.4265847744427302 -0.46352549156242107 58
    endloop
  endfacet
  facet normal 0 0 1
    outer loop
      vertex 1.6269465723032008 -3.6541818305704035 58
      vertex 1.4672214011007085 -0.311867536226639 58
      vertex 1.4488887394336025 -0.3882285676537811 58
    endloop
  endfacet
  facet normal 0 0 1
    outer loop
      vertex 1.6269465723032008 -3.6541818305704035 58
      vertex 1.4815325108927067 -0.23465169756034632 58
      vertex 1.4672214011007085 -0.311867536226639 58
    endloop
  endfacet
  facet normal 0 0 1
    outer loop
      vertex 1.6269465723032008 -3.6541818305704035 58
      vertex 1.4917828430524098 -0.1567926949014802 58
      vertex 1.4815325108927067 -0.23465169756034632 58
    endloop
  endfacet
  facet normal 0 0 1
    outer loop
      vertex 1.6269465723032008 -3.6541818305704035 58
      vertex 1.4979443021318608 -0.07850393436441575 58
      vertex 1.4917828430524098 -0.1567926949014802 58
    endloop
  endfacet
  facet normal 0 0 1
    outer loop
      vertex 1.6269465723032008 -3.6541818305704035 58
      vertex 1.5 0 58
      vertex 1.4979443021318608 -0.07850393436441575 58
    endloop
  endfacet
  facet normal 0 0 1
    outer loop
      vertex 1.6269465723032008 -3.6541818305704035 58
      vertex 1.815961998958187 -3.5640260967534716 58
      vertex 1.6269465723032008 3.6541818305704035 58
    endloop
  endfacet
  facet normal 0 0 1
    outer loop
      vertex 1.815961998958187 -3.5640260967534716 58
      vertex 2 -3.4641016151377544 58
      vertex 1.815961998958187 3.5640260967534716 58
    endloop
  endfacet
  facet normal 0 0 1
    outer loop
      vertex 2 -3.4641016151377544 58
      vertex 2.1785561400601083 -3.354682271781696 58
      vertex 2 3.4641016151377544 58
    endloop
  endfacet
  facet normal -0.9723699203976767 0.23344536385590525 0
    outer loop
      vertex 1.4488887394336025 -0.3882285676537811 57
      vertex 1.4488887394336025 -0.3882285676537811 58
      vertex 1.4672214011007085 -0.311867536226639 57
    endloop
  endfacet
  facet normal -0.9723699203976767 0.23344536385590525 0
    outer loop
      vertex 1.4672214011007085 -0.311867536226639 57
      vertex 1.4488887394336025 -0.3882285676537811 58
      vertex 1.4672214011007085 -0.311867536226639 58
    endloop
  endfacet
  facet normal -0.9832549075639545 0.1822355254921474 0
    outer loop
      vertex 1.4672214011007085 -0.311867536226639 57
      vertex 1.4672214011007085 -0.311867536226639 58
      vertex 1.4815325108927067 -0.23465169756034632 57
    endloop
  endfacet
  facet normal -0.9832549075639545 0.1822355254921474 0
    outer loop
      vertex 1.4815325108927067 -0.23465169756034632 57
      vertex 1.4672214011007085 -0.311867536226639 58
      vertex 1.4815325108927067 -0.23465169756034632 58
    endloop
  endfacet
  facet normal -0.9914448613738109 0.13052619222004846 0
    outer loop
      vertex 1.4815325108927067 -0.23465169756034632 57
      vertex 1.4815325108927067 -0.23465169756034632 58
      vertex 1.4917828430524098 -0.1567926949014802 57
    endloop
  endfacet
  facet normal -0.9914448613738109 0.13052619222004846 0
    outer loop
      vertex 1.4917828430524098 -0.1567926949014802 57
      vertex 1.4815325108927067 -0.23465169756034632 58
      vertex 1.4917828430524098 -0.1567926949014802 58
    endloop
  endfacet
  facet normal 0 0 1
    outer loop
      vertex 1.4488887394336025 -0.3882285676537811 57
      vertex 1.4672214011007085 -0.311867536226639 57
      vertex 1.4672214011007085 0.311867536226639 57
    endloop
  endfacet
  facet normal 0 0 1
    outer loop
      vertex 1.4672214011007085 -0.311867536226639 57
      vertex 1.4815325108927067 -0.23465169756034632 57
      vertex 1.4815325108927067 0.23465169756034632 57
    endloop
  endfacet
  facet normal 0 0 1
    outer loop
      vertex 1.4815325108927067 -0.23465169756034632 57
      vertex 1.4917828430524098 -0.1567926949014802 57
      vertex 1.4917828430524098 0.1567926949014802 57
    endloop
  endfacet
  facet normal 0 0 1
    outer loop
      vertex 1.4917828430524098 -0.1567926949014802 57
      vertex 1.4979443021318608 -0.07850393436441575 57
      vertex 1.4979443021318608 0.07850393436441575 57
    endloop
  endfacet
  facet normal -0.9969173337331279 0.07845909572784718 0
    outer loop
      vertex 1.4917828430524098 -0.1567926949014802 57
      vertex 1.4917828430524098 -0.1567926949014802 58
      vertex 1.4979443021318608 -0.07850393436441575 57
    endloop
  endfacet
  facet normal -0.9969173337331279 0.07845909572784718 0
    outer loop
      vertex 1.4979443021318608 -0.07850393436441575 57
      vertex 1.4917828430524098 -0.1567926949014802 58
      vertex 1.4979443021318608 -0.07850393436441575 58
    endloop
  endfacet
  facet normal -0.9996573249755571 0.02617694830787322 0
    outer loop
      vertex 1.4979443021318608 -0.07850393436441575 57
      vertex 1.4979443021318608 -0.07850393436441575 58
      vertex 1.5 0 57
    endloop
  endfacet
  facet normal -0.9996573249755571 0.02617694830787322 0
    outer loop
      vertex 1.5 0 57
      vertex 1.4979443021318608 -0.07850393436441575 58
      vertex 1.5 0 58
    endloop
  endfacet
  facet normal 0 0 1
    outer loop
      vertex 2.1785561400601083 -3.354682271781696 58
      vertex 2.3511410091698925 -3.23606797749979 58
      vertex 2.1785561400601083 3.354682271781696 58
    endloop
  endfacet
  facet normal 0 0 1
    outer loop
      vertex 2.3511410091698925 -3.23606797749979 58
      vertex 2.5172815641993496 -3.1085838458278836 58
      vertex 2.3511410091698925 3.23606797749979 58
    endloop
  endfacet
  facet normal 0 0 1
    outer loop
      vertex 2.5172815641993496 -3.1085838458278836 58
      vertex 2.676522425435433 -2.972579301909577 58
      vertex 2.5172815641993496 3.1085838458278836 58
    endloop
  endfacet
  facet normal 0 0 1
    outer loop
      vertex 2.676522425435433 -2.972579301909577 58
      vertex 2.8284271247461903 -2.8284271247461903 58
      vertex 2.676522425435433 2.972579301909577 58
    endloop
  endfacet
  facet normal 0 0 1
    outer loop
      vertex 2.8284271247461903 -2.8284271247461903 58
      vertex 2.972579301909577 -2.676522425435433 58
      vertex 2.8284271247461903 2.8284271247461903 58
    endloop
  endfacet
  facet normal 0.7253743710122882 -0.6883545756937532 0
    outer loop
      vertex 2.8284271247461903 -2.8284271247461903 23.2
      vertex 2.972579301909577 -2.676522425435433 23.2
      vertex 2.972579301909577 -2.676522425435433 58
    endloop
  endfacet
  facet normal 0.7604059656000315 -0.649448048330183 0
    outer loop
      vertex 2.972579301909577 -2.676522425435433 23.2
      vertex 3.1085838458278836 -2.5172815641993496 23.2
      vertex 3.1085838458278836 -2.5172815641993496 58
    endloop
  endfacet
  facet normal 0.7604059656000315 -0.649448048330183 0
    outer loop
      vertex 2.972579301909577 -2.676522425435433 23.2
      vertex 3.1085838458278836 -2.5172815641993496 58
      vertex 2.972579301909577 -2.676522425435433 58
    endloop
  endfacet
  facet normal 0.7933533402912347 -0.6087614290087214 0
    outer loop
      vertex 3.1085838458278836 -2.5172815641993496 23.2
      vertex 3.23606797749979 -2.3511410091698925 23.2
      vertex 3.23606797749979 -2.3511410091698925 58
    endloop
  endfacet
  facet normal 0.8241261886220157 -0.5664062369248327 0
    outer loop
      vertex 3.23606797749979 -2.3511410091698925 23.2
      vertex 3.354682271781696 -2.1785561400601083 23.2
      vertex 3.354682271781696 -2.1785561400601083 58
    endloop
  endfacet
  facet normal 0.8526401643540928 -0.5224985647159478 0
    outer loop
      vertex 3.354682271781696 -2.1785561400601083 23.2
      vertex 3.4641016151377544 -2 23.2
      vertex 3.4641016151377544 -2 58
    endloop
  endfacet
  facet normal 0.8788171126619648 -0.4771587602596094 0
    outer loop
      vertex 3.4641016151377544 -2 23.2
      vertex 3.5640260967534716 -1.815961998958187 23.2
      vertex 3.5640260967534716 -1.815961998958187 58
    endloop
  endfacet
  facet normal 0.9025852843498609 -0.43051109680829447 0
    outer loop
      vertex 3.5640260967534716 -1.815961998958187 23.2
      vertex 3.6541818305704035 -1.6269465723032008 23.2
      vertex 3.6541818305704035 -1.6269465723032008 58
    endloop
  endfacet
  facet normal 0.9238795325112867 -0.3826834323650901 0
    outer loop
      vertex 3.6541818305704035 -1.6269465723032008 23.2
      vertex 3.734321705988807 -1.433471798181201 23.2
      vertex 3.734321705988807 -1.433471798181201 58
    endloop
  endfacet
  facet normal 0.9426414910921787 -0.3338068592337702 0
    outer loop
      vertex 3.734321705988807 -1.433471798181201 23.2
      vertex 3.804226065180614 -1.2360679774997896 23.2
      vertex 3.804226065180614 -1.2360679774997896 58
    endloop
  endfacet
  facet normal 0.9588197348681926 -0.28401534470392376 0
    outer loop
      vertex 3.804226065180614 -1.2360679774997896 23.2
      vertex 3.8637033051562732 -1.035276180410083 23.2
      vertex 3.8637033051562732 -1.035276180410083 58
    endloop
  endfacet
  facet normal 0.9723699203976764 -0.233445363855906 0
    outer loop
      vertex 3.8637033051562732 -1.035276180410083 23.2
      vertex 3.9125904029352228 -0.8316467632710374 23.2
      vertex 3.9125904029352228 -0.8316467632710374 58
    endloop
  endfacet
  facet normal 0.9832549075639546 -0.1822355254921473 0
    outer loop
      vertex 3.9125904029352228 -0.8316467632710374 23.2
      vertex 3.950753362380551 -0.6257378601609235 23.2
      vertex 3.950753362380551 -0.6257378601609235 58
    endloop
  endfacet
  facet normal 0.9914448613738106 -0.13052619222004988 0
    outer loop
      vertex 3.950753362380551 -0.6257378601609235 23.2
      vertex 3.978087581473093 -0.4181138530706139 23.2
      vertex 3.978087581473093 -0.4181138530706139 58
    endloop
  endfacet
  facet normal 0.9969173337331279 -0.07845909572784507 0
    outer loop
      vertex 3.978087581473093 -0.4181138530706139 23.2
      vertex 3.9945181390182953 -0.20934382497177534 23.2
      vertex 3.9945181390182953 -0.20934382497177534 58
    endloop
  endfacet
  facet normal 0.9996573249755573 -0.026176948307873923 0
    outer loop
      vertex 3.9945181390182953 -0.20934382497177534 23.2
      vertex 4 0 23.2
      vertex 4 0 58
    endloop
  endfacet
  facet normal 0.7933533402912347 -0.6087614290087214 0
    outer loop
      vertex 3.1085838458278836 -2.5172815641993496 23.2
      vertex 3.23606797749979 -2.3511410091698925 58
      vertex 3.1085838458278836 -2.5172815641993496 58
    endloop
  endfacet
  facet normal 0.8241261886220157 -0.5664062369248327 0
    outer loop
      vertex 3.23606797749979 -2.3511410091698925 23.2
      vertex 3.354682271781696 -2.1785561400601083 58
      vertex 3.23606797749979 -2.3511410091698925 58
    endloop
  endfacet
  facet normal 0.8526401643540928 -0.5224985647159478 0
    outer loop
      vertex 3.354682271781696 -2.1785561400601083 23.2
      vertex 3.4641016151377544 -2 58
      vertex 3.354682271781696 -2.1785561400601083 58
    endloop
  endfacet
  facet normal 0.8788171126619648 -0.4771587602596094 0
    outer loop
      vertex 3.4641016151377544 -2 23.2
      vertex 3.5640260967534716 -1.815961998958187 58
      vertex 3.4641016151377544 -2 58
    endloop
  endfacet
  facet normal 0.9025852843498609 -0.43051109680829447 0
    outer loop
      vertex 3.5640260967534716 -1.815961998958187 23.2
      vertex 3.6541818305704035 -1.6269465723032008 58
      vertex 3.5640260967534716 -1.815961998958187 58
    endloop
  endfacet
  facet normal 0.9238795325112867 -0.3826834323650901 0
    outer loop
      vertex 3.6541818305704035 -1.6269465723032008 23.2
      vertex 3.734321705988807 -1.433471798181201 58
      vertex 3.6541818305704035 -1.6269465723032008 58
    endloop
  endfacet
  facet normal 0.9426414910921787 -0.3338068592337702 0
    outer loop
      vertex 3.734321705988807 -1.433471798181201 23.2
      vertex 3.804226065180614 -1.2360679774997896 58
      vertex 3.734321705988807 -1.433471798181201 58
    endloop
  endfacet
  facet normal 0.9588197348681926 -0.28401534470392376 0
    outer loop
      vertex 3.804226065180614 -1.2360679774997896 23.2
      vertex 3.8637033051562732 -1.035276180410083 58
      vertex 3.804226065180614 -1.2360679774997896 58
    endloop
  endfacet
  facet normal 0.9723699203976764 -0.233445363855906 0
    outer loop
      vertex 3.8637033051562732 -1.035276180410083 23.2
      vertex 3.9125904029352228 -0.8316467632710374 58
      vertex 3.8637033051562732 -1.035276180410083 58
    endloop
  endfacet
  facet normal 0.9832549075639546 -0.1822355254921473 0
    outer loop
      vertex 3.9125904029352228 -0.8316467632710374 23.2
      vertex 3.950753362380551 -0.6257378601609235 58
      vertex 3.9125904029352228 -0.8316467632710374 58
    endloop
  endfacet
  facet normal 0.9914448613738106 -0.13052619222004988 0
    outer loop
      vertex 3.950753362380551 -0.6257378601609235 23.2
      vertex 3.978087581473093 -0.4181138530706139 58
      vertex 3.950753362380551 -0.6257378601609235 58
    endloop
  endfacet
  facet normal 0.9969173337331279 -0.07845909572784507 0
    outer loop
      vertex 3.978087581473093 -0.4181138530706139 23.2
      vertex 3.9945181390182953 -0.20934382497177534 58
      vertex 3.978087581473093 -0.4181138530706139 58
    endloop
  endfacet
  facet normal 0.9996573249755573 -0.026176948307873923 0
    outer loop
      vertex 3.9945181390182953 -0.20934382497177534 23.2
      vertex 4 0 58
      vertex 3.9945181390182953 -0.20934382497177534 58
    endloop
  endfacet
  facet normal 0 0 1
    outer loop
      vertex 2.972579301909577 -2.676522425435433 58
      vertex 3.1085838458278836 -2.5172815641993496 58
      vertex 2.972579301909577 2.676522425435433 58
    endloop
  endfacet
  facet normal 0 0 1
    outer loop
      vertex 3.1085838458278836 -2.5172815641993496 58
      vertex 3.23606797749979 -2.3511410091698925 58
      vertex 3.1085838458278836 2.5172815641993496 58
    endloop
  endfacet
  facet normal 0 0 1
    outer loop
      vertex 3.23606797749979 -2.3511410091698925 58
      vertex 3.354682271781696 -2.1785561400601083 58
      vertex 3.23606797749979 2.3511410091698925 58
    endloop
  endfacet
  facet normal 0 0 1
    outer loop
      vertex 3.354682271781696 -2.1785561400601083 58
      vertex 3.4641016151377544 -2 58
      vertex 3.354682271781696 2.1785561400601083 58
    endloop
  endfacet
  facet normal 0 0 1
    outer loop
      vertex 3.4641016151377544 -2 58
      vertex 3.5640260967534716 -1.815961998958187 58
      vertex 3.4641016151377544 2 58
    endloop
  endfacet
  facet normal 0 0 1
    outer loop
      vertex 3.5640260967534716 -1.815961998958187 58
      vertex 3.6541818305704035 -1.6269465723032008 58
      vertex 3.5640260967534716 1.815961998958187 58
    endloop
  endfacet
  facet normal 0 0 1
    outer loop
      vertex 3.6541818305704035 -1.6269465723032008 58
      vertex 3.734321705988807 -1.433471798181201 58
      vertex 3.6541818305704035 1.6269465723032008 58
    endloop
  endfacet
  facet normal 0 0 1
    outer loop
      vertex 3.734321705988807 -1.433471798181201 58
      vertex 3.804226065180614 -1.2360679774997896 58
      vertex 3.734321705988807 1.433471798181201 58
    endloop
  endfacet
  facet normal 0 0 1
    outer loop
      vertex 3.804226065180614 -1.2360679774997896 58
      vertex 3.8637033051562732 -1.035276180410083 58
      vertex 3.804226065180614 1.2360679774997896 58
    endloop
  endfacet
  facet normal 0 0 1
    outer loop
      vertex 3.8637033051562732 -1.035276180410083 58
      vertex 3.9125904029352228 -0.8316467632710374 58
      vertex 3.8637033051562732 1.035276180410083 58
    endloop
  endfacet
  facet normal 0 0 1
    outer loop
      vertex 3.9125904029352228 -0.8316467632710374 58
      vertex 3.950753362380551 -0.6257378601609235 58
      vertex 3.9125904029352228 0.8316467632710374 58
    endloop
  endfacet
  facet normal 0 0 1
    outer loop
      vertex 3.950753362380551 -0.6257378601609235 58
      vertex 3.978087581473093 -0.4181138530706139 58
      vertex 3.950753362380551 0.6257378601609235 58
    endloop
  endfacet
  facet normal 0 0 1
    outer loop
      vertex 3.978087581473093 -0.4181138530706139 58
      vertex 3.9945181390182953 -0.20934382497177534 58
      vertex 3.978087581473093 0.4181138530706139 58
    endloop
  endfacet
  facet normal 0 1 0
    outer loop
      vertex -2.886751345948129 5 23.2
      vertex 2.886751345948129 5 23.2
      vertex 2.886751345948129 5 0
    endloop
  endfacet
  facet normal 0 0 1
    outer loop
      vertex -0.6257378601609235 3.950753362380551 23.2
      vertex -0.4181138530706139 3.978087581473093 23.2
      vertex 2.886751345948129 5 23.2
    endloop
  endfacet
  facet normal 0 0 1
    outer loop
      vertex -0.4181138530706139 3.978087581473093 23.2
      vertex -0.20934382497177534 3.9945181390182953 23.2
      vertex 2.886751345948129 5 23.2
    endloop
  endfacet
  facet normal 0 0 1
    outer loop
      vertex -0.20934382497177534 3.9945181390182953 23.2
      vertex 0 4 23.2
      vertex 2.886751345948129 5 23.2
    endloop
  endfacet
  facet normal 0 0 1
    outer loop
      vertex 0 4 23.2
      vertex 0.20934382497177534 3.9945181390182953 23.2
      vertex 2.886751345948129 5 23.2
    endloop
  endfacet
  facet normal 0 0 1
    outer loop
      vertex 0.20934382497177534 3.9945181390182953 23.2
      vertex 0.4181138530706139 3.978087581473093 23.2
      vertex 2.886751345948129 5 23.2
    endloop
  endfacet
  facet normal 0 0 1
    outer loop
      vertex 0.4181138530706139 3.978087581473093 23.2
      vertex 0.6257378601609235 3.950753362380551 23.2
      vertex 2.886751345948129 5 23.2
    endloop
  endfacet
  facet normal 0 0 1
    outer loop
      vertex 2.5172815641993496 3.1085838458278836 23.2
      vertex 2.676522425435433 2.972579301909577 23.2
      vertex 2.886751345948129 5 23.2
    endloop
  endfacet
  facet normal 0 0 1
    outer loop
      vertex 2.676522425435433 2.972579301909577 23.2
      vertex 2.8284271247461903 2.8284271247461903 23.2
      vertex 2.886751345948129 5 23.2
    endloop
  endfacet
  facet normal 0 0 1
    outer loop
      vertex 0.6257378601609235 3.950753362380551 23.2
      vertex 0.8316467632710374 3.9125904029352228 23.2
      vertex 2.886751345948129 5 23.2
    endloop
  endfacet
  facet normal 0 0 1
    outer loop
      vertex 0.8316467632710374 3.9125904029352228 23.2
      vertex 1.035276180410083 3.8637033051562732 23.2
      vertex 2.886751345948129 5 23.2
    endloop
  endfacet
  facet normal 0 0 1
    outer loop
      vertex 1.035276180410083 3.8637033051562732 23.2
      vertex 1.2360679774997896 3.804226065180614 23.2
      vertex 2.886751345948129 5 23.2
    endloop
  endfacet
  facet normal 0 0 1
    outer loop
      vertex 1.433471798181201 3.734321705988807 23.2
      vertex 2.886751345948129 5 23.2
      vertex 1.2360679774997896 3.804226065180614 23.2
    endloop
  endfacet
  facet normal 0 0 1
    outer loop
      vertex 1.433471798181201 3.734321705988807 23.2
      vertex 1.6269465723032008 3.6541818305704035 23.2
      vertex 2.886751345948129 5 23.2
    endloop
  endfacet
  facet normal 0 0 1
    outer loop
      vertex 1.6269465723032008 3.6541818305704035 23.2
      vertex 1.815961998958187 3.5640260967534716 23.2
      vertex 2.886751345948129 5 23.2
    endloop
  endfacet
  facet normal 0 0 1
    outer loop
      vertex 1.815961998958187 3.5640260967534716 23.2
      vertex 2 3.4641016151377544 23.2
      vertex 2.886751345948129 5 23.2
    endloop
  endfacet
  facet normal 0 0 1
    outer loop
      vertex 2.1785561400601083 3.354682271781696 23.2
      vertex 2.3511410091698925 3.23606797749979 23.2
      vertex 2.886751345948129 5 23.2
    endloop
  endfacet
  facet normal 0 0 1
    outer loop
      vertex 2 3.4641016151377544 23.2
      vertex 2.1785561400601083 3.354682271781696 23.2
      vertex 2.886751345948129 5 23.2
    endloop
  endfacet
  facet normal 0 0 1
    outer loop
      vertex 2.5172815641993496 3.1085838458278836 23.2
      vertex 2.886751345948129 5 23.2
      vertex 2.3511410091698925 3.23606797749979 23.2
    endloop
  endfacet
  facet normal 0 0 -1
    outer loop
      vertex 2.886751345948129 -5 0
      vertex 2.886751345948129 5 0
      vertex 5.773502691896258 0 0
    endloop
  endfacet
  facet normal 0.8660254037844386 0.5 0
    outer loop
      vertex 5.773502691896258 0 0
      vertex 2.886751345948129 5 0
      vertex 5.773502691896258 0 23.2
    endloop
  endfacet
  facet normal 0 0 1
    outer loop
      vertex 3.23606797749979 2.3511410091698925 23.2
      vertex 3.354682271781696 2.1785561400601083 23.2
      vertex 5.773502691896258 0 23.2
    endloop
  endfacet
  facet normal 0 0 1
    outer loop
      vertex 3.354682271781696 2.1785561400601083 23.2
      vertex 3.4641016151377544 2 23.2
      vertex 5.773502691896258 0 23.2
    endloop
  endfacet
  facet normal 0 0 1
    outer loop
      vertex 3.5640260967534716 1.815961998958187 23.2
      vertex 5.773502691896258 0 23.2
      vertex 3.4641016151377544 2 23.2
    endloop
  endfacet
  facet normal 0 0 1
    outer loop
      vertex 3.23606797749979 2.3511410091698925 23.2
      vertex 5.773502691896258 0 23.2
      vertex 2.886751345948129 5 23.2
    endloop
  endfacet
  facet normal 0 0 1
    outer loop
      vertex 4 0 23.2
      vertex 5.773502691896258 0 23.2
      vertex 3.9945181390182953 0.20934382497177534 23.2
    endloop
  endfacet
  facet normal 0 0 1
    outer loop
      vertex 3.9945181390182953 0.20934382497177534 23.2
      vertex 5.773502691896258 0 23.2
      vertex 3.978087581473093 0.4181138530706139 23.2
    endloop
  endfacet
  facet normal 0 0 1
    outer loop
      vertex 3.978087581473093 0.4181138530706139 23.2
      vertex 5.773502691896258 0 23.2
      vertex 3.950753362380551 0.6257378601609235 23.2
    endloop
  endfacet
  facet normal 0 0 1
    outer loop
      vertex 3.950753362380551 0.6257378601609235 23.2
      vertex 5.773502691896258 0 23.2
      vertex 3.9125904029352228 0.8316467632710374 23.2
    endloop
  endfacet
  facet normal 0 0 1
    outer loop
      vertex 3.9125904029352228 0.8316467632710374 23.2
      vertex 5.773502691896258 0 23.2
      vertex 3.8637033051562732 1.035276180410083 23.2
    endloop
  endfacet
  facet normal 0 0 1
    outer loop
      vertex 3.8637033051562732 1.035276180410083 23.2
      vertex 5.773502691896258 0 23.2
      vertex 3.804226065180614 1.2360679774997896 23.2
    endloop
  endfacet
  facet normal 0 0 1
    outer loop
      vertex 3.804226065180614 1.2360679774997896 23.2
      vertex 5.773502691896258 0 23.2
      vertex 3.734321705988807 1.433471798181201 23.2
    endloop
  endfacet
  facet normal 0 0 1
    outer loop
      vertex 3.734321705988807 1.433471798181201 23.2
      vertex 5.773502691896258 0 23.2
      vertex 3.6541818305704035 1.6269465723032008 23.2
    endloop
  endfacet
  facet normal 0 0 1
    outer loop
      vertex 3.5640260967534716 1.815961998958187 23.2
      vertex 3.6541818305704035 1.6269465723032008 23.2
      vertex 5.773502691896258 0 23.2
    endloop
  endfacet
  facet normal 0.8660254037844386 0.5 0
    outer loop
      vertex 5.773502691896258 0 23.2
      vertex 2.886751345948129 5 0
      vertex 2.886751345948129 5 23.2
    endloop
  endfacet
  facet normal 0 0 1
    outer loop
      vertex 2.972579301909577 2.676522425435433 23.2
      vertex 3.1085838458278836 2.5172815641993496 23.2
      vertex 2.886751345948129 5 23.2
    endloop
  endfacet
  facet normal 0 0 1
    outer loop
      vertex 3.23606797749979 2.3511410091698925 23.2
      vertex 2.886751345948129 5 23.2
      vertex 3.1085838458278836 2.5172815641993496 23.2
    endloop
  endfacet
  facet normal 0 0 1
    outer loop
      vertex 2.8284271247461903 2.8284271247461903 23.2
      vertex 2.972579301909577 2.676522425435433 23.2
      vertex 2.886751345948129 5 23.2
    endloop
  endfacet
  facet normal 0 0 1
    outer loop
      vertex 0 -1.5 57
      vertex 0.07850393436441575 1.4979443021318608 57
      vertex 0 1.5 57
    endloop
  endfacet
  facet normal 0 0 1
    outer loop
      vertex 0.07850393436441575 -1.4979443021318608 57
      vertex 0.1567926949014802 1.4917828430524098 57
      vertex 0.07850393436441575 1.4979443021318608 57
    endloop
  endfacet
  facet normal 0 0 1
    outer loop
      vertex 0.1567926949014802 -1.4917828430524098 57
      vertex 0.23465169756034632 1.4815325108927067 57
      vertex 0.1567926949014802 1.4917828430524098 57
    endloop
  endfacet
  facet normal 0 0 1
    outer loop
      vertex 0.23465169756034632 -1.4815325108927067 57
      vertex 0.311867536226639 1.4672214011007085 57
      vertex 0.23465169756034632 1.4815325108927067 57
    endloop
  endfacet
  facet normal 0 0 1
    outer loop
      vertex 0.311867536226639 -1.4672214011007085 57
      vertex 0.3882285676537811 1.4488887394336025 57
      vertex 0.311867536226639 1.4672214011007085 57
    endloop
  endfacet
  facet normal 0 0 1
    outer loop
      vertex 0.46352549156242107 -1.4265847744427302 57
      vertex 0.5375519243179504 1.4003706397458027 57
      vertex 0.46352549156242107 1.4265847744427302 57
    endloop
  endfacet
  facet normal 0 0 1
    outer loop
      vertex 0.3882285676537811 -1.4488887394336025 57
      vertex 0.46352549156242107 1.4265847744427302 57
      vertex 0.3882285676537811 1.4488887394336025 57
    endloop
  endfacet
  facet normal 0 0 1
    outer loop
      vertex 0.5375519243179504 -1.4003706397458027 57
      vertex 0.6101049646137003 1.3703181864639014 57
      vertex 0.5375519243179504 1.4003706397458027 57
    endloop
  endfacet
  facet normal 0 0 1
    outer loop
      vertex 0.6101049646137003 -1.3703181864639014 57
      vertex 0.6809857496093201 1.336509786282552 57
      vertex 0.6101049646137003 1.3703181864639014 57
    endloop
  endfacet
  facet normal 0 0 1
    outer loop
      vertex 0.6809857496093201 -1.336509786282552 57
      vertex 0.75 1.299038105676658 57
      vertex 0.6809857496093201 1.336509786282552 57
    endloop
  endfacet
  facet normal 0 0 1
    outer loop
      vertex 0.75 -1.299038105676658 57
      vertex 0.8169585525225407 1.258005851918136 57
      vertex 0.75 1.299038105676658 57
    endloop
  endfacet
  facet normal 0 0 1
    outer loop
      vertex 0.8169585525225407 -1.258005851918136 57
      vertex 0.8816778784387097 1.2135254915624212 57
      vertex 0.8169585525225407 1.258005851918136 57
    endloop
  endfacet
  facet normal 0 0 1
    outer loop
      vertex 0.8816778784387097 -1.2135254915624212 57
      vertex 0.9439805865747561 1.1657189421854564 57
      vertex 0.8816778784387097 1.2135254915624212 57
    endloop
  endfacet
  facet normal 0 0 1
    outer loop
      vertex 0.9439805865747561 -1.1657189421854564 57
      vertex 1.0036959095382874 1.1147172382160915 57
      vertex 0.9439805865747561 1.1657189421854564 57
    endloop
  endfacet
  facet normal 0 0 1
    outer loop
      vertex 1.0036959095382874 -1.1147172382160915 57
      vertex 1.0606601717798214 1.0606601717798214 57
      vertex 1.0036959095382874 1.1147172382160915 57
    endloop
  endfacet
  facet normal 0 0 1
    outer loop
      vertex 1.0606601717798214 -1.0606601717798214 57
      vertex 1.1147172382160915 1.0036959095382874 57
      vertex 1.0606601717798214 1.0606601717798214 57
    endloop
  endfacet
  facet normal 0 0 1
    outer loop
      vertex 1.1657189421854564 -0.9439805865747561 57
      vertex 1.2135254915624212 0.8816778784387097 57
      vertex 1.1657189421854564 0.9439805865747561 57
    endloop
  endfacet
  facet normal 0 0 1
    outer loop
      vertex 1.2135254915624212 -0.8816778784387097 57
      vertex 1.258005851918136 0.8169585525225407 57
      vertex 1.2135254915624212 0.8816778784387097 57
    endloop
  endfacet
  facet normal 0 0 1
    outer loop
      vertex 1.4003706397458027 -0.5375519243179504 57
      vertex 1.4265847744427302 0.46352549156242107 57
      vertex 1.4003706397458027 0.5375519243179504 57
    endloop
  endfacet
  facet normal 0 0 1
    outer loop
      vertex 1.4265847744427302 -0.46352549156242107 57
      vertex 1.4488887394336025 0.3882285676537811 57
      vertex 1.4265847744427302 0.46352549156242107 57
    endloop
  endfacet
  facet normal 0 0 1
    outer loop
      vertex 1.299038105676658 -0.75 57
      vertex 1.336509786282552 0.6809857496093201 57
      vertex 1.299038105676658 0.75 57
    endloop
  endfacet
  facet normal 0 0 1
    outer loop
      vertex 1.336509786282552 -0.6809857496093201 57
      vertex 1.3703181864639014 0.6101049646137003 57
      vertex 1.336509786282552 0.6809857496093201 57
    endloop
  endfacet
  facet normal 0 0 1
    outer loop
      vertex 1.258005851918136 -0.8169585525225407 57
      vertex 1.299038105676658 0.75 57
      vertex 1.258005851918136 0.8169585525225407 57
    endloop
  endfacet
  facet normal 0 0 1
    outer loop
      vertex 1.3703181864639014 -0.6101049646137003 57
      vertex 1.4003706397458027 0.5375519243179504 57
      vertex 1.3703181864639014 0.6101049646137003 57
    endloop
  endfacet
  facet normal 0 0 1
    outer loop
      vertex 1.1147172382160915 -1.0036959095382874 57
      vertex 1.1657189421854564 0.9439805865747561 57
      vertex 1.1147172382160915 1.0036959095382874 57
    endloop
  endfacet
  facet normal -0.9588197348681922 -0.2840153447039252 0
    outer loop
      vertex 1.4488887394336025 0.3882285676537811 57
      vertex 1.4488887394336025 0.3882285676537811 58
      vertex 1.4265847744427302 0.46352549156242107 57
    endloop
  endfacet
  facet normal -0.9588197348681922 -0.2840153447039252 0
    outer loop
      vertex 1.4265847744427302 0.46352549156242107 57
      vertex 1.4488887394336025 0.3882285676537811 58
      vertex 1.4265847744427302 0.46352549156242107 58
    endloop
  endfacet
  facet normal -0.9426414910921792 -0.33380685923376885 0
    outer loop
      vertex 1.4003706397458027 0.5375519243179504 57
      vertex 1.4265847744427302 0.46352549156242107 57
      vertex 1.4265847744427302 0.46352549156242107 58
    endloop
  endfacet
  facet normal -0.9426414910921792 -0.33380685923376885 0
    outer loop
      vertex 1.4003706397458027 0.5375519243179504 57
      vertex 1.4265847744427302 0.46352549156242107 58
      vertex 1.4003706397458027 0.5375519243179504 58
    endloop
  endfacet
  facet normal -0.9238795325112867 -0.38268343236509 0
    outer loop
      vertex 1.4003706397458027 0.5375519243179504 57
      vertex 1.4003706397458027 0.5375519243179504 58
      vertex 1.3703181864639014 0.6101049646137003 57
    endloop
  endfacet
  facet normal -0.9238795325112867 -0.38268343236509 0
    outer loop
      vertex 1.3703181864639014 0.6101049646137003 57
      vertex 1.4003706397458027 0.5375519243179504 58
      vertex 1.3703181864639014 0.6101049646137003 58
    endloop
  endfacet
  facet normal -0.5664062369248329 -0.8241261886220155 0
    outer loop
      vertex 0.8169585525225407 1.258005851918136 57
      vertex 0.8816778784387097 1.2135254915624212 57
      vertex 0.8816778784387097 1.2135254915624212 58
    endloop
  endfacet
  facet normal -0.5664062369248329 -0.8241261886220155 0
    outer loop
      vertex 0.8169585525225407 1.258005851918136 57
      vertex 0.8816778784387097 1.2135254915624212 58
      vertex 0.8169585525225407 1.258005851918136 58
    endloop
  endfacet
  facet normal -0.6883545756937534 -0.7253743710122882 0
    outer loop
      vertex 1.0036959095382874 1.1147172382160915 57
      vertex 1.0606601717798214 1.0606601717798214 57
      vertex 1.0606601717798214 1.0606601717798214 58
    endloop
  endfacet
  facet normal -0.7253743710122882 -0.6883545756937534 0
    outer loop
      vertex 1.0606601717798214 1.0606601717798214 57
      vertex 1.1147172382160915 1.0036959095382874 58
      vertex 1.0606601717798214 1.0606601717798214 58
    endloop
  endfacet
  facet normal -0.6494480483301824 -0.7604059656000318 0
    outer loop
      vertex 1.0036959095382874 1.1147172382160915 57
      vertex 1.0036959095382874 1.1147172382160915 58
      vertex 0.9439805865747561 1.1657189421854564 57
    endloop
  endfacet
  facet normal -0.6494480483301824 -0.7604059656000318 0
    outer loop
      vertex 0.9439805865747561 1.1657189421854564 57
      vertex 1.0036959095382874 1.1147172382160915 58
      vertex 0.9439805865747561 1.1657189421854564 58
    endloop
  endfacet
  facet normal -0.6087614290087209 -0.7933533402912348 0
    outer loop
      vertex 0.8816778784387097 1.2135254915624212 57
      vertex 0.9439805865747561 1.1657189421854564 57
      vertex 0.9439805865747561 1.1657189421854564 58
    endloop
  endfacet
  facet normal -0.6087614290087209 -0.7933533402912348 0
    outer loop
      vertex 0.8816778784387097 1.2135254915624212 57
      vertex 0.9439805865747561 1.1657189421854564 58
      vertex 0.8816778784387097 1.2135254915624212 58
    endloop
  endfacet
  facet normal -0.6883545756937534 -0.7253743710122882 0
    outer loop
      vertex 1.0036959095382874 1.1147172382160915 57
      vertex 1.0606601717798214 1.0606601717798214 58
      vertex 1.0036959095382874 1.1147172382160915 58
    endloop
  endfacet
  facet normal -0.8241261886220155 -0.5664062369248329 0
    outer loop
      vertex 1.2135254915624212 0.8816778784387097 57
      vertex 1.258005851918136 0.8169585525225407 57
      vertex 1.258005851918136 0.8169585525225407 58
    endloop
  endfacet
  facet normal -0.7933533402912348 -0.6087614290087209 0
    outer loop
      vertex 1.2135254915624212 0.8816778784387097 57
      vertex 1.2135254915624212 0.8816778784387097 58
      vertex 1.1657189421854564 0.9439805865747561 57
    endloop
  endfacet
  facet normal -0.7933533402912348 -0.6087614290087209 0
    outer loop
      vertex 1.1657189421854564 0.9439805865747561 57
      vertex 1.2135254915624212 0.8816778784387097 58
      vertex 1.1657189421854564 0.9439805865747561 58
    endloop
  endfacet
  facet normal -0.8241261886220155 -0.5664062369248329 0
    outer loop
      vertex 1.2135254915624212 0.8816778784387097 57
      vertex 1.258005851918136 0.8169585525225407 58
      vertex 1.2135254915624212 0.8816778784387097 58
    endloop
  endfacet
  facet normal -0.9025852843498609 -0.4305110968082946 0
    outer loop
      vertex 1.336509786282552 0.6809857496093201 57
      vertex 1.3703181864639014 0.6101049646137003 58
      vertex 1.336509786282552 0.6809857496093201 58
    endloop
  endfacet
  facet normal -0.8526401643540925 -0.5224985647159486 0
    outer loop
      vertex 1.258005851918136 0.8169585525225407 57
      vertex 1.299038105676658 0.75 57
      vertex 1.299038105676658 0.75 58
    endloop
  endfacet
  facet normal -0.8788171126619653 -0.47715876025960885 0
    outer loop
      vertex 1.336509786282552 0.6809857496093201 57
      vertex 1.336509786282552 0.6809857496093201 58
      vertex 1.299038105676658 0.75 57
    endloop
  endfacet
  facet normal -0.8788171126619653 -0.47715876025960885 0
    outer loop
      vertex 1.299038105676658 0.75 57
      vertex 1.336509786282552 0.6809857496093201 58
      vertex 1.299038105676658 0.75 58
    endloop
  endfacet
  facet normal -0.9025852843498609 -0.4305110968082946 0
    outer loop
      vertex 1.3703181864639014 0.6101049646137003 57
      vertex 1.3703181864639014 0.6101049646137003 58
      vertex 1.336509786282552 0.6809857496093201 57
    endloop
  endfacet
  facet normal -0.8526401643540925 -0.5224985647159486 0
    outer loop
      vertex 1.258005851918136 0.8169585525225407 57
      vertex 1.299038105676658 0.75 58
      vertex 1.258005851918136 0.8169585525225407 58
    endloop
  endfacet
  facet normal -0.7604059656000318 -0.6494480483301824 0
    outer loop
      vertex 1.1147172382160915 1.0036959095382874 57
      vertex 1.1657189421854564 0.9439805865747561 57
      vertex 1.1657189421854564 0.9439805865747561 58
    endloop
  endfacet
  facet normal -0.7604059656000318 -0.6494480483301824 0
    outer loop
      vertex 1.1147172382160915 1.0036959095382874 57
      vertex 1.1657189421854564 0.9439805865747561 58
      vertex 1.1147172382160915 1.0036959095382874 58
    endloop
  endfacet
  facet normal -0.7253743710122882 -0.6883545756937534 0
    outer loop
      vertex 1.1147172382160915 1.0036959095382874 57
      vertex 1.1147172382160915 1.0036959095382874 58
      vertex 1.0606601717798214 1.0606601717798214 57
    endloop
  endfacet
  facet normal -0.02617694830787322 -0.9996573249755571 0
    outer loop
      vertex 0 1.5 57
      vertex 0.07850393436441575 1.4979443021318608 57
      vertex 0.07850393436441575 1.4979443021318608 58
    endloop
  endfacet
  facet normal -0.02617694830787322 -0.9996573249755571 0
    outer loop
      vertex 0 1.5 57
      vertex 0.07850393436441575 1.4979443021318608 58
      vertex 0 1.5 58
    endloop
  endfacet
  facet normal -0.07845909572784718 -0.9969173337331279 0
    outer loop
      vertex 0.07850393436441575 1.4979443021318608 57
      vertex 0.1567926949014802 1.4917828430524098 57
      vertex 0.1567926949014802 1.4917828430524098 58
    endloop
  endfacet
  facet normal -0.07845909572784718 -0.9969173337331279 0
    outer loop
      vertex 0.07850393436441575 1.4979443021318608 57
      vertex 0.1567926949014802 1.4917828430524098 58
      vertex 0.07850393436441575 1.4979443021318608 58
    endloop
  endfacet
  facet normal -0.1822355254921474 -0.9832549075639545 0
    outer loop
      vertex 0.23465169756034632 1.4815325108927067 57
      vertex 0.311867536226639 1.4672214011007085 58
      vertex 0.23465169756034632 1.4815325108927067 58
    endloop
  endfacet
  facet normal -0.13052619222004846 -0.9914448613738109 0
    outer loop
      vertex 0.1567926949014802 1.4917828430524098 57
      vertex 0.23465169756034632 1.4815325108927067 57
      vertex 0.23465169756034632 1.4815325108927067 58
    endloop
  endfacet
  facet normal -0.13052619222004846 -0.9914448613738109 0
    outer loop
      vertex 0.1567926949014802 1.4917828430524098 57
      vertex 0.23465169756034632 1.4815325108927067 58
      vertex 0.1567926949014802 1.4917828430524098 58
    endloop
  endfacet
  facet normal -0.1822355254921474 -0.9832549075639545 0
    outer loop
      vertex 0.23465169756034632 1.4815325108927067 57
      vertex 0.311867536226639 1.4672214011007085 57
      vertex 0.311867536226639 1.4672214011007085 58
    endloop
  endfacet
  facet normal -0.23344536385590525 -0.9723699203976767 0
    outer loop
      vertex 0.311867536226639 1.4672214011007085 57
      vertex 0.3882285676537811 1.4488887394336025 58
      vertex 0.311867536226639 1.4672214011007085 58
    endloop
  endfacet
  facet normal -0.23344536385590525 -0.9723699203976767 0
    outer loop
      vertex 0.311867536226639 1.4672214011007085 57
      vertex 0.3882285676537811 1.4488887394336025 57
      vertex 0.3882285676537811 1.4488887394336025 58
    endloop
  endfacet
  facet normal -0.2840153447039252 -0.9588197348681922 0
    outer loop
      vertex 0.3882285676537811 1.4488887394336025 57
      vertex 0.46352549156242107 1.4265847744427302 57
      vertex 0.46352549156242107 1.4265847744427302 58
    endloop
  endfacet
  facet normal -0.2840153447039252 -0.9588197348681922 0
    outer loop
      vertex 0.3882285676537811 1.4488887394336025 57
      vertex 0.46352549156242107 1.4265847744427302 58
      vertex 0.3882285676537811 1.4488887394336025 58
    endloop
  endfacet
  facet normal -0.33380685923376885 -0.9426414910921792 0
    outer loop
      vertex 0.46352549156242107 1.4265847744427302 57
      vertex 0.5375519243179504 1.4003706397458027 57
      vertex 0.5375519243179504 1.4003706397458027 58
    endloop
  endfacet
  facet normal -0.33380685923376885 -0.9426414910921792 0
    outer loop
      vertex 0.46352549156242107 1.4265847744427302 57
      vertex 0.5375519243179504 1.4003706397458027 58
      vertex 0.46352549156242107 1.4265847744427302 58
    endloop
  endfacet
  facet normal -0.38268343236509 -0.9238795325112867 0
    outer loop
      vertex 0.5375519243179504 1.4003706397458027 57
      vertex 0.6101049646137003 1.3703181864639014 57
      vertex 0.6101049646137003 1.3703181864639014 58
    endloop
  endfacet
  facet normal -0.38268343236509 -0.9238795325112867 0
    outer loop
      vertex 0.5375519243179504 1.4003706397458027 57
      vertex 0.6101049646137003 1.3703181864639014 58
      vertex 0.5375519243179504 1.4003706397458027 58
    endloop
  endfacet
  facet normal -0.47715876025960885 -0.8788171126619653 0
    outer loop
      vertex 0.6809857496093201 1.336509786282552 57
      vertex 0.75 1.299038105676658 58
      vertex 0.6809857496093201 1.336509786282552 58
    endloop
  endfacet
  facet normal -0.4305110968082946 -0.9025852843498609 0
    outer loop
      vertex 0.6101049646137003 1.3703181864639014 57
      vertex 0.6809857496093201 1.336509786282552 57
      vertex 0.6809857496093201 1.336509786282552 58
    endloop
  endfacet
  facet normal -0.4305110968082946 -0.9025852843498609 0
    outer loop
      vertex 0.6101049646137003 1.3703181864639014 57
      vertex 0.6809857496093201 1.336509786282552 58
      vertex 0.6101049646137003 1.3703181864639014 58
    endloop
  endfacet
  facet normal 0 0 1
    outer loop
      vertex 0 4 58
      vertex 0 1.5 58
      vertex 0.07850393436441575 1.4979443021318608 58
    endloop
  endfacet
  facet normal 0 0 1
    outer loop
      vertex 0.20934382497177534 3.9945181390182953 58
      vertex 0.07850393436441575 1.4979443021318608 58
      vertex 0.1567926949014802 1.4917828430524098 58
    endloop
  endfacet
  facet normal 0 0 1
    outer loop
      vertex 0.20934382497177534 3.9945181390182953 58
      vertex 0.1567926949014802 1.4917828430524098 58
      vertex 0.23465169756034632 1.4815325108927067 58
    endloop
  endfacet
  facet normal 0 0 1
    outer loop
      vertex 0.20934382497177534 3.9945181390182953 58
      vertex 0.23465169756034632 1.4815325108927067 58
      vertex 0.311867536226639 1.4672214011007085 58
    endloop
  endfacet
  facet normal 0 0 1
    outer loop
      vertex 0.4181138530706139 3.978087581473093 58
      vertex 0.311867536226639 1.4672214011007085 58
      vertex 0.3882285676537811 1.4488887394336025 58
    endloop
  endfacet
  facet normal 0 0 1
    outer loop
      vertex 0.4181138530706139 3.978087581473093 58
      vertex 0.3882285676537811 1.4488887394336025 58
      vertex 0.46352549156242107 1.4265847744427302 58
    endloop
  endfacet
  facet normal 0 0 1
    outer loop
      vertex 0.4181138530706139 3.978087581473093 58
      vertex 0.46352549156242107 1.4265847744427302 58
      vertex 0.5375519243179504 1.4003706397458027 58
    endloop
  endfacet
  facet normal 0 0 1
    outer loop
      vertex 0.6257378601609235 3.950753362380551 58
      vertex 0.5375519243179504 1.4003706397458027 58
      vertex 0.6101049646137003 1.3703181864639014 58
    endloop
  endfacet
  facet normal 0 0 1
    outer loop
      vertex 0.6257378601609235 3.950753362380551 58
      vertex 0.6101049646137003 1.3703181864639014 58
      vertex 0.6809857496093201 1.336509786282552 58
    endloop
  endfacet
  facet normal 0 0 1
    outer loop
      vertex 0.6257378601609235 3.950753362380551 58
      vertex 0.6809857496093201 1.336509786282552 58
      vertex 0.75 1.299038105676658 58
    endloop
  endfacet
  facet normal -0.47715876025960885 -0.8788171126619653 0
    outer loop
      vertex 0.6809857496093201 1.336509786282552 57
      vertex 0.75 1.299038105676658 57
      vertex 0.75 1.299038105676658 58
    endloop
  endfacet
  facet normal -0.5224985647159486 -0.8526401643540925 0
    outer loop
      vertex 0.75 1.299038105676658 57
      vertex 0.8169585525225407 1.258005851918136 57
      vertex 0.8169585525225407 1.258005851918136 58
    endloop
  endfacet
  facet normal -0.5224985647159486 -0.8526401643540925 0
    outer loop
      vertex 0.75 1.299038105676658 57
      vertex 0.8169585525225407 1.258005851918136 58
      vertex 0.75 1.299038105676658 58
    endloop
  endfacet
  facet normal 0 0 1
    outer loop
      vertex 1.433471798181201 3.734321705988807 58
      vertex 1.4265847744427302 0.46352549156242107 58
      vertex 1.4488887394336025 0.3882285676537811 58
    endloop
  endfacet
  facet normal 0 0 1
    outer loop
      vertex 1.2360679774997896 3.804226065180614 58
      vertex 1.2135254915624212 0.8816778784387097 58
      vertex 1.258005851918136 0.8169585525225407 58
    endloop
  endfacet
  facet normal 0 0 1
    outer loop
      vertex 1.433471798181201 3.734321705988807 58
      vertex 1.4003706397458027 0.5375519243179504 58
      vertex 1.4265847744427302 0.46352549156242107 58
    endloop
  endfacet
  facet normal 0 0 1
    outer loop
      vertex 1.433471798181201 3.734321705988807 58
      vertex 1.3703181864639014 0.6101049646137003 58
      vertex 1.4003706397458027 0.5375519243179504 58
    endloop
  endfacet
  facet normal 0 0 1
    outer loop
      vertex 1.433471798181201 3.734321705988807 58
      vertex 1.336509786282552 0.6809857496093201 58
      vertex 1.3703181864639014 0.6101049646137003 58
    endloop
  endfacet
  facet normal 0 0 1
    outer loop
      vertex 1.2360679774997896 3.804226065180614 58
      vertex 1.299038105676658 0.75 58
      vertex 1.336509786282552 0.6809857496093201 58
    endloop
  endfacet
  facet normal 0 0 1
    outer loop
      vertex 1.2360679774997896 3.804226065180614 58
      vertex 1.258005851918136 0.8169585525225407 58
      vertex 1.299038105676658 0.75 58
    endloop
  endfacet
  facet normal 0 0 1
    outer loop
      vertex 0.8316467632710374 3.9125904029352228 58
      vertex 0.75 1.299038105676658 58
      vertex 0.8169585525225407 1.258005851918136 58
    endloop
  endfacet
  facet normal 0 0 1
    outer loop
      vertex 0.8316467632710374 3.9125904029352228 58
      vertex 0.8816778784387097 1.2135254915624212 58
      vertex 0.9439805865747561 1.1657189421854564 58
    endloop
  endfacet
  facet normal 0 0 1
    outer loop
      vertex 0.8316467632710374 3.9125904029352228 58
      vertex 0.8169585525225407 1.258005851918136 58
      vertex 0.8816778784387097 1.2135254915624212 58
    endloop
  endfacet
  facet normal 0 0 1
    outer loop
      vertex 1.035276180410083 3.8637033051562732 58
      vertex 1.0036959095382874 1.1147172382160915 58
      vertex 1.0606601717798214 1.0606601717798214 58
    endloop
  endfacet
  facet normal 0 0 1
    outer loop
      vertex 1.035276180410083 3.8637033051562732 58
      vertex 1.0606601717798214 1.0606601717798214 58
      vertex 1.1147172382160915 1.0036959095382874 58
    endloop
  endfacet
  facet normal 0 0 1
    outer loop
      vertex 1.035276180410083 3.8637033051562732 58
      vertex 0.9439805865747561 1.1657189421854564 58
      vertex 1.0036959095382874 1.1147172382160915 58
    endloop
  endfacet
  facet normal 0 0 1
    outer loop
      vertex 1.2360679774997896 3.804226065180614 58
      vertex 1.1147172382160915 1.0036959095382874 58
      vertex 1.1657189421854564 0.9439805865747561 58
    endloop
  endfacet
  facet normal 0 0 1
    outer loop
      vertex 1.2360679774997896 3.804226065180614 58
      vertex 1.1657189421854564 0.9439805865747561 58
      vertex 1.2135254915624212 0.8816778784387097 58
    endloop
  endfacet
  facet normal 0 0 1
    outer loop
      vertex 1.4815325108927067 -0.23465169756034632 57
      vertex 1.4917828430524098 0.1567926949014802 57
      vertex 1.4815325108927067 0.23465169756034632 57
    endloop
  endfacet
  facet normal 0 0 1
    outer loop
      vertex 1.4979443021318608 -0.07850393436441575 57
      vertex 1.5 0 57
      vertex 1.4979443021318608 0.07850393436441575 57
    endloop
  endfacet
  facet normal 0 0 1
    outer loop
      vertex 1.4917828430524098 -0.1567926949014802 57
      vertex 1.4979443021318608 0.07850393436441575 57
      vertex 1.4917828430524098 0.1567926949014802 57
    endloop
  endfacet
  facet normal 0 0 1
    outer loop
      vertex 1.4488887394336025 -0.3882285676537811 57
      vertex 1.4672214011007085 0.311867536226639 57
      vertex 1.4488887394336025 0.3882285676537811 57
    endloop
  endfacet
  facet normal 0 0 1
    outer loop
      vertex 1.4672214011007085 -0.311867536226639 57
      vertex 1.4815325108927067 0.23465169756034632 57
      vertex 1.4672214011007085 0.311867536226639 57
    endloop
  endfacet
  facet normal -0.9996573249755571 -0.02617694830787322 0
    outer loop
      vertex 1.5 0 57
      vertex 1.5 0 58
      vertex 1.4979443021318608 0.07850393436441575 57
    endloop
  endfacet
  facet normal 0 0 1
    outer loop
      vertex 1.6269465723032008 -3.6541818305704035 58
      vertex 1.433471798181201 3.734321705988807 58
      vertex 1.5 0 58
    endloop
  endfacet
  facet normal -0.9996573249755571 -0.02617694830787322 0
    outer loop
      vertex 1.4979443021318608 0.07850393436441575 57
      vertex 1.5 0 58
      vertex 1.4979443021318608 0.07850393436441575 58
    endloop
  endfacet
  facet normal -0.9969173337331279 -0.07845909572784718 0
    outer loop
      vertex 1.4979443021318608 0.07850393436441575 57
      vertex 1.4979443021318608 0.07850393436441575 58
      vertex 1.4917828430524098 0.1567926949014802 57
    endloop
  endfacet
  facet normal -0.9969173337331279 -0.07845909572784718 0
    outer loop
      vertex 1.4917828430524098 0.1567926949014802 57
      vertex 1.4979443021318608 0.07850393436441575 58
      vertex 1.4917828430524098 0.1567926949014802 58
    endloop
  endfacet
  facet normal -0.9914448613738109 -0.13052619222004846 0
    outer loop
      vertex 1.4917828430524098 0.1567926949014802 57
      vertex 1.4917828430524098 0.1567926949014802 58
      vertex 1.4815325108927067 0.23465169756034632 57
    endloop
  endfacet
  facet normal -0.9914448613738109 -0.13052619222004846 0
    outer loop
      vertex 1.4815325108927067 0.23465169756034632 57
      vertex 1.4917828430524098 0.1567926949014802 58
      vertex 1.4815325108927067 0.23465169756034632 58
    endloop
  endfacet
  facet normal -0.9832549075639545 -0.1822355254921474 0
    outer loop
      vertex 1.4815325108927067 0.23465169756034632 57
      vertex 1.4815325108927067 0.23465169756034632 58
      vertex 1.4672214011007085 0.311867536226639 57
    endloop
  endfacet
  facet normal -0.9832549075639545 -0.1822355254921474 0
    outer loop
      vertex 1.4672214011007085 0.311867536226639 57
      vertex 1.4815325108927067 0.23465169756034632 58
      vertex 1.4672214011007085 0.311867536226639 58
    endloop
  endfacet
  facet normal -0.9723699203976767 -0.23344536385590525 0
    outer loop
      vertex 1.4672214011007085 0.311867536226639 57
      vertex 1.4672214011007085 0.311867536226639 58
      vertex 1.4488887394336025 0.3882285676537811 57
    endloop
  endfacet
  facet normal -0.9723699203976767 -0.23344536385590525 0
    outer loop
      vertex 1.4488887394336025 0.3882285676537811 57
      vertex 1.4672214011007085 0.311867536226639 58
      vertex 1.4488887394336025 0.3882285676537811 58
    endloop
  endfacet
  facet normal 0 0 1
    outer loop
      vertex 1.6269465723032008 -3.6541818305704035 58
      vertex 1.6269465723032008 3.6541818305704035 58
      vertex 1.433471798181201 3.734321705988807 58
    endloop
  endfacet
  facet normal 0 0 1
    outer loop
      vertex 1.815961998958187 -3.5640260967534716 58
      vertex 1.815961998958187 3.5640260967534716 58
      vertex 1.6269465723032008 3.6541818305704035 58
    endloop
  endfacet
  facet normal 0 0 1
    outer loop
      vertex 2 -3.4641016151377544 58
      vertex 2 3.4641016151377544 58
      vertex 1.815961998958187 3.5640260967534716 58
    endloop
  endfacet
  facet normal 0 0 1
    outer loop
      vertex 2.1785561400601083 -3.354682271781696 58
      vertex 2.1785561400601083 3.354682271781696 58
      vertex 2 3.4641016151377544 58
    endloop
  endfacet
  facet normal 0 0 1
    outer loop
      vertex 2.3511410091698925 -3.23606797749979 58
      vertex 2.3511410091698925 3.23606797749979 58
      vertex 2.1785561400601083 3.354682271781696 58
    endloop
  endfacet
  facet normal 0 0 1
    outer loop
      vertex 2.5172815641993496 -3.1085838458278836 58
      vertex 2.5172815641993496 3.1085838458278836 58
      vertex 2.3511410091698925 3.23606797749979 58
    endloop
  endfacet
  facet normal 0 0 1
    outer loop
      vertex 2.676522425435433 -2.972579301909577 58
      vertex 2.676522425435433 2.972579301909577 58
      vertex 2.5172815641993496 3.1085838458278836 58
    endloop
  endfacet
  facet normal 0 0 1
    outer loop
      vertex 2.8284271247461903 -2.8284271247461903 58
      vertex 2.8284271247461903 2.8284271247461903 58
      vertex 2.676522425435433 2.972579301909577 58
    endloop
  endfacet
  facet normal 0 0 1
    outer loop
      vertex 1.433471798181201 3.734321705988807 58
      vertex 1.4979443021318608 0.07850393436441575 58
      vertex 1.5 0 58
    endloop
  endfacet
  facet normal 0 0 1
    outer loop
      vertex 1.433471798181201 3.734321705988807 58
      vertex 1.4917828430524098 0.1567926949014802 58
      vertex 1.4979443021318608 0.07850393436441575 58
    endloop
  endfacet
  facet normal 0 0 1
    outer loop
      vertex 1.433471798181201 3.734321705988807 58
      vertex 1.4815325108927067 0.23465169756034632 58
      vertex 1.4917828430524098 0.1567926949014802 58
    endloop
  endfacet
  facet normal 0 0 1
    outer loop
      vertex 1.433471798181201 3.734321705988807 58
      vertex 1.4672214011007085 0.311867536226639 58
      vertex 1.4815325108927067 0.23465169756034632 58
    endloop
  endfacet
  facet normal 0 0 1
    outer loop
      vertex 1.433471798181201 3.734321705988807 58
      vertex 1.4488887394336025 0.3882285676537811 58
      vertex 1.4672214011007085 0.311867536226639 58
    endloop
  endfacet
  facet normal 0.026176948307873923 0.9996573249755573 0
    outer loop
      vertex 0 4 23.2
      vertex 0 4 58
      vertex 0.20934382497177534 3.9945181390182953 23.2
    endloop
  endfacet
  facet normal 0.07845909572784507 0.9969173337331279 0
    outer loop
      vertex 0.20934382497177534 3.9945181390182953 23.2
      vertex 0.20934382497177534 3.9945181390182953 58
      vertex 0.4181138530706139 3.978087581473093 23.2
    endloop
  endfacet
  facet normal 0.13052619222004988 0.9914448613738106 0
    outer loop
      vertex 0.4181138530706139 3.978087581473093 23.2
      vertex 0.4181138530706139 3.978087581473093 58
      vertex 0.6257378601609235 3.950753362380551 23.2
    endloop
  endfacet
  facet normal 0.1822355254921473 0.9832549075639546 0
    outer loop
      vertex 0.6257378601609235 3.950753362380551 23.2
      vertex 0.6257378601609235 3.950753362380551 58
      vertex 0.8316467632710374 3.9125904029352228 23.2
    endloop
  endfacet
  facet normal 0.233445363855906 0.9723699203976764 0
    outer loop
      vertex 0.8316467632710374 3.9125904029352228 23.2
      vertex 0.8316467632710374 3.9125904029352228 58
      vertex 1.035276180410083 3.8637033051562732 23.2
    endloop
  endfacet
  facet normal 0.28401534470392376 0.9588197348681926 0
    outer loop
      vertex 1.035276180410083 3.8637033051562732 23.2
      vertex 1.035276180410083 3.8637033051562732 58
      vertex 1.2360679774997896 3.804226065180614 23.2
    endloop
  endfacet
  facet normal 0.3338068592337702 0.9426414910921787 0
    outer loop
      vertex 1.433471798181201 3.734321705988807 23.2
      vertex 1.2360679774997896 3.804226065180614 23.2
      vertex 1.2360679774997896 3.804226065180614 58
    endloop
  endfacet
  facet normal 0.3826834323650901 0.9238795325112867 0
    outer loop
      vertex 1.433471798181201 3.734321705988807 23.2
      vertex 1.433471798181201 3.734321705988807 58
      vertex 1.6269465723032008 3.6541818305704035 23.2
    endloop
  endfacet
  facet normal 0.43051109680829447 0.9025852843498609 0
    outer loop
      vertex 1.6269465723032008 3.6541818305704035 23.2
      vertex 1.6269465723032008 3.6541818305704035 58
      vertex 1.815961998958187 3.5640260967534716 23.2
    endloop
  endfacet
  facet normal 0.5224985647159478 0.8526401643540928 0
    outer loop
      vertex 2 3.4641016151377544 23.2
      vertex 2 3.4641016151377544 58
      vertex 2.1785561400601083 3.354682271781696 23.2
    endloop
  endfacet
  facet normal 0.4771587602596094 0.8788171126619648 0
    outer loop
      vertex 1.815961998958187 3.5640260967534716 23.2
      vertex 1.815961998958187 3.5640260967534716 58
      vertex 2 3.4641016151377544 23.2
    endloop
  endfacet
  facet normal 0.7253743710122882 0.6883545756937532 0
    outer loop
      vertex 2.8284271247461903 2.8284271247461903 23.2
      vertex 2.8284271247461903 2.8284271247461903 58
      vertex 2.972579301909577 2.676522425435433 23.2
    endloop
  endfacet
  facet normal 0.649448048330183 0.7604059656000315 0
    outer loop
      vertex 2.5172815641993496 3.1085838458278836 23.2
      vertex 2.5172815641993496 3.1085838458278836 58
      vertex 2.676522425435433 2.972579301909577 23.2
    endloop
  endfacet
  facet normal 0.6883545756937532 0.7253743710122882 0
    outer loop
      vertex 2.676522425435433 2.972579301909577 23.2
      vertex 2.676522425435433 2.972579301909577 58
      vertex 2.8284271247461903 2.8284271247461903 23.2
    endloop
  endfacet
  facet normal 0.5664062369248327 0.8241261886220157 0
    outer loop
      vertex 2.1785561400601083 3.354682271781696 23.2
      vertex 2.1785561400601083 3.354682271781696 58
      vertex 2.3511410091698925 3.23606797749979 23.2
    endloop
  endfacet
  facet normal 0.6087614290087214 0.7933533402912347 0
    outer loop
      vertex 2.5172815641993496 3.1085838458278836 23.2
      vertex 2.3511410091698925 3.23606797749979 23.2
      vertex 2.3511410091698925 3.23606797749979 58
    endloop
  endfacet
  facet normal 0 0 1
    outer loop
      vertex 0.4181138530706139 3.978087581473093 58
      vertex 0.5375519243179504 1.4003706397458027 58
      vertex 0.6257378601609235 3.950753362380551 58
    endloop
  endfacet
  facet normal 0 0 1
    outer loop
      vertex 0 4 58
      vertex 0.07850393436441575 1.4979443021318608 58
      vertex 0.20934382497177534 3.9945181390182953 58
    endloop
  endfacet
  facet normal 0 0 1
    outer loop
      vertex 0.20934382497177534 3.9945181390182953 58
      vertex 0.311867536226639 1.4672214011007085 58
      vertex 0.4181138530706139 3.978087581473093 58
    endloop
  endfacet
  facet normal 0 0 1
    outer loop
      vertex 0.6257378601609235 3.950753362380551 58
      vertex 0.75 1.299038105676658 58
      vertex 0.8316467632710374 3.9125904029352228 58
    endloop
  endfacet
  facet normal 0 0 1
    outer loop
      vertex 0.8316467632710374 3.9125904029352228 58
      vertex 0.9439805865747561 1.1657189421854564 58
      vertex 1.035276180410083 3.8637033051562732 58
    endloop
  endfacet
  facet normal 0 0 1
    outer loop
      vertex 1.433471798181201 3.734321705988807 58
      vertex 1.2360679774997896 3.804226065180614 58
      vertex 1.336509786282552 0.6809857496093201 58
    endloop
  endfacet
  facet normal 0 0 1
    outer loop
      vertex 1.035276180410083 3.8637033051562732 58
      vertex 1.1147172382160915 1.0036959095382874 58
      vertex 1.2360679774997896 3.804226065180614 58
    endloop
  endfacet
  facet normal 0.026176948307873923 0.9996573249755573 0
    outer loop
      vertex 0.20934382497177534 3.9945181390182953 23.2
      vertex 0 4 58
      vertex 0.20934382497177534 3.9945181390182953 58
    endloop
  endfacet
  facet normal 0.07845909572784507 0.9969173337331279 0
    outer loop
      vertex 0.4181138530706139 3.978087581473093 23.2
      vertex 0.20934382497177534 3.9945181390182953 58
      vertex 0.4181138530706139 3.978087581473093 58
    endloop
  endfacet
  facet normal 0.13052619222004988 0.9914448613738106 0
    outer loop
      vertex 0.6257378601609235 3.950753362380551 23.2
      vertex 0.4181138530706139 3.978087581473093 58
      vertex 0.6257378601609235 3.950753362380551 58
    endloop
  endfacet
  facet normal 0.1822355254921473 0.9832549075639546 0
    outer loop
      vertex 0.8316467632710374 3.9125904029352228 23.2
      vertex 0.6257378601609235 3.950753362380551 58
      vertex 0.8316467632710374 3.9125904029352228 58
    endloop
  endfacet
  facet normal 0.233445363855906 0.9723699203976764 0
    outer loop
      vertex 1.035276180410083 3.8637033051562732 23.2
      vertex 0.8316467632710374 3.9125904029352228 58
      vertex 1.035276180410083 3.8637033051562732 58
    endloop
  endfacet
  facet normal 0.28401534470392376 0.9588197348681926 0
    outer loop
      vertex 1.2360679774997896 3.804226065180614 23.2
      vertex 1.035276180410083 3.8637033051562732 58
      vertex 1.2360679774997896 3.804226065180614 58
    endloop
  endfacet
  facet normal 0.3338068592337702 0.9426414910921787 0
    outer loop
      vertex 1.433471798181201 3.734321705988807 23.2
      vertex 1.2360679774997896 3.804226065180614 58
      vertex 1.433471798181201 3.734321705988807 58
    endloop
  endfacet
  facet normal 0.3826834323650901 0.9238795325112867 0
    outer loop
      vertex 1.6269465723032008 3.6541818305704035 23.2
      vertex 1.433471798181201 3.734321705988807 58
      vertex 1.6269465723032008 3.6541818305704035 58
    endloop
  endfacet
  facet normal 0.43051109680829447 0.9025852843498609 0
    outer loop
      vertex 1.815961998958187 3.5640260967534716 23.2
      vertex 1.6269465723032008 3.6541818305704035 58
      vertex 1.815961998958187 3.5640260967534716 58
    endloop
  endfacet
  facet normal 0.5224985647159478 0.8526401643540928 0
    outer loop
      vertex 2.1785561400601083 3.354682271781696 23.2
      vertex 2 3.4641016151377544 58
      vertex 2.1785561400601083 3.354682271781696 58
    endloop
  endfacet
  facet normal 0.4771587602596094 0.8788171126619648 0
    outer loop
      vertex 2 3.4641016151377544 23.2
      vertex 1.815961998958187 3.5640260967534716 58
      vertex 2 3.4641016151377544 58
    endloop
  endfacet
  facet normal 0.649448048330183 0.7604059656000315 0
    outer loop
      vertex 2.676522425435433 2.972579301909577 23.2
      vertex 2.5172815641993496 3.1085838458278836 58
      vertex 2.676522425435433 2.972579301909577 58
    endloop
  endfacet
  facet normal 0.6883545756937532 0.7253743710122882 0
    outer loop
      vertex 2.8284271247461903 2.8284271247461903 23.2
      vertex 2.676522425435433 2.972579301909577 58
      vertex 2.8284271247461903 2.8284271247461903 58
    endloop
  endfacet
  facet normal 0.5664062369248327 0.8241261886220157 0
    outer loop
      vertex 2.3511410091698925 3.23606797749979 23.2
      vertex 2.1785561400601083 3.354682271781696 58
      vertex 2.3511410091698925 3.23606797749979 58
    endloop
  endfacet
  facet normal 0.6087614290087214 0.7933533402912347 0
    outer loop
      vertex 2.5172815641993496 3.1085838458278836 23.2
      vertex 2.3511410091698925 3.23606797749979 58
      vertex 2.5172815641993496 3.1085838458278836 58
    endloop
  endfacet
  facet normal 0.9914448613738106 0.13052619222004988 0
    outer loop
      vertex 3.978087581473093 0.4181138530706139 23.2
      vertex 3.950753362380551 0.6257378601609235 23.2
      vertex 3.950753362380551 0.6257378601609235 58
    endloop
  endfacet
  facet normal 0.9996573249755573 0.026176948307873923 0
    outer loop
      vertex 4 0 23.2
      vertex 3.9945181390182953 0.20934382497177534 23.2
      vertex 3.9945181390182953 0.20934382497177534 58
    endloop
  endfacet
  facet normal 0.9969173337331279 0.07845909572784507 0
    outer loop
      vertex 3.9945181390182953 0.20934382497177534 23.2
      vertex 3.978087581473093 0.4181138530706139 23.2
      vertex 3.978087581473093 0.4181138530706139 58
    endloop
  endfacet
  facet normal 0.9832549075639546 0.1822355254921473 0
    outer loop
      vertex 3.950753362380551 0.6257378601609235 23.2
      vertex 3.9125904029352228 0.8316467632710374 23.2
      vertex 3.9125904029352228 0.8316467632710374 58
    endloop
  endfacet
  facet normal 0.9723699203976764 0.233445363855906 0
    outer loop
      vertex 3.9125904029352228 0.8316467632710374 23.2
      vertex 3.8637033051562732 1.035276180410083 23.2
      vertex 3.8637033051562732 1.035276180410083 58
    endloop
  endfacet
  facet normal 0.9588197348681926 0.28401534470392376 0
    outer loop
      vertex 3.8637033051562732 1.035276180410083 23.2
      vertex 3.804226065180614 1.2360679774997896 23.2
      vertex 3.804226065180614 1.2360679774997896 58
    endloop
  endfacet
  facet normal 0.9025852843498609 0.43051109680829447 0
    outer loop
      vertex 3.5640260967534716 1.815961998958187 23.2
      vertex 3.5640260967534716 1.815961998958187 58
      vertex 3.6541818305704035 1.6269465723032008 23.2
    endloop
  endfacet
  facet normal 0.7933533402912347 0.6087614290087214 0
    outer loop
      vertex 3.23606797749979 2.3511410091698925 23.2
      vertex 3.1085838458278836 2.5172815641993496 23.2
      vertex 3.1085838458278836 2.5172815641993496 58
    endloop
  endfacet
  facet normal 0.8526401643540928 0.5224985647159478 0
    outer loop
      vertex 3.354682271781696 2.1785561400601083 23.2
      vertex 3.354682271781696 2.1785561400601083 58
      vertex 3.4641016151377544 2 23.2
    endloop
  endfacet
  facet normal 0.8788171126619648 0.4771587602596094 0
    outer loop
      vertex 3.5640260967534716 1.815961998958187 23.2
      vertex 3.4641016151377544 2 23.2
      vertex 3.4641016151377544 2 58
    endloop
  endfacet
  facet normal 0.8241261886220157 0.5664062369248327 0
    outer loop
      vertex 3.23606797749979 2.3511410091698925 23.2
      vertex 3.23606797749979 2.3511410091698925 58
      vertex 3.354682271781696 2.1785561400601083 23.2
    endloop
  endfacet
  facet normal 0.9426414910921787 0.3338068592337702 0
    outer loop
      vertex 3.804226065180614 1.2360679774997896 23.2
      vertex 3.734321705988807 1.433471798181201 23.2
      vertex 3.734321705988807 1.433471798181201 58
    endloop
  endfacet
  facet normal 0.9238795325112867 0.3826834323650901 0
    outer loop
      vertex 3.734321705988807 1.433471798181201 23.2
      vertex 3.6541818305704035 1.6269465723032008 23.2
      vertex 3.6541818305704035 1.6269465723032008 58
    endloop
  endfacet
  facet normal 0.9914448613738106 0.13052619222004988 0
    outer loop
      vertex 3.978087581473093 0.4181138530706139 23.2
      vertex 3.950753362380551 0.6257378601609235 58
      vertex 3.978087581473093 0.4181138530706139 58
    endloop
  endfacet
  facet normal 0.9996573249755573 0.026176948307873923 0
    outer loop
      vertex 4 0 23.2
      vertex 3.9945181390182953 0.20934382497177534 58
      vertex 4 0 58
    endloop
  endfacet
  facet normal 0.9969173337331279 0.07845909572784507 0
    outer loop
      vertex 3.9945181390182953 0.20934382497177534 23.2
      vertex 3.978087581473093 0.4181138530706139 58
      vertex 3.9945181390182953 0.20934382497177534 58
    endloop
  endfacet
  facet normal 0.9832549075639546 0.1822355254921473 0
    outer loop
      vertex 3.950753362380551 0.6257378601609235 23.2
      vertex 3.9125904029352228 0.8316467632710374 58
      vertex 3.950753362380551 0.6257378601609235 58
    endloop
  endfacet
  facet normal 0.9723699203976764 0.233445363855906 0
    outer loop
      vertex 3.9125904029352228 0.8316467632710374 23.2
      vertex 3.8637033051562732 1.035276180410083 58
      vertex 3.9125904029352228 0.8316467632710374 58
    endloop
  endfacet
  facet normal 0.9588197348681926 0.28401534470392376 0
    outer loop
      vertex 3.8637033051562732 1.035276180410083 23.2
      vertex 3.804226065180614 1.2360679774997896 58
      vertex 3.8637033051562732 1.035276180410083 58
    endloop
  endfacet
  facet normal 0 0 1
    outer loop
      vertex 3.1085838458278836 -2.5172815641993496 58
      vertex 3.1085838458278836 2.5172815641993496 58
      vertex 2.972579301909577 2.676522425435433 58
    endloop
  endfacet
  facet normal 0 0 1
    outer loop
      vertex 3.23606797749979 -2.3511410091698925 58
      vertex 3.23606797749979 2.3511410091698925 58
      vertex 3.1085838458278836 2.5172815641993496 58
    endloop
  endfacet
  facet normal 0 0 1
    outer loop
      vertex 2.972579301909577 -2.676522425435433 58
      vertex 2.972579301909577 2.676522425435433 58
      vertex 2.8284271247461903 2.8284271247461903 58
    endloop
  endfacet
  facet normal 0 0 1
    outer loop
      vertex 3.4641016151377544 -2 58
      vertex 3.4641016151377544 2 58
      vertex 3.354682271781696 2.1785561400601083 58
    endloop
  endfacet
  facet normal 0 0 1
    outer loop
      vertex 3.354682271781696 -2.1785561400601083 58
      vertex 3.354682271781696 2.1785561400601083 58
      vertex 3.23606797749979 2.3511410091698925 58
    endloop
  endfacet
  facet normal 0 0 1
    outer loop
      vertex 3.5640260967534716 -1.815961998958187 58
      vertex 3.5640260967534716 1.815961998958187 58
      vertex 3.4641016151377544 2 58
    endloop
  endfacet
  facet normal 0 0 1
    outer loop
      vertex 3.978087581473093 -0.4181138530706139 58
      vertex 3.978087581473093 0.4181138530706139 58
      vertex 3.950753362380551 0.6257378601609235 58
    endloop
  endfacet
  facet normal 0 0 1
    outer loop
      vertex 3.950753362380551 -0.6257378601609235 58
      vertex 3.950753362380551 0.6257378601609235 58
      vertex 3.9125904029352228 0.8316467632710374 58
    endloop
  endfacet
  facet normal 0 0 1
    outer loop
      vertex 3.6541818305704035 -1.6269465723032008 58
      vertex 3.6541818305704035 1.6269465723032008 58
      vertex 3.5640260967534716 1.815961998958187 58
    endloop
  endfacet
  facet normal 0 0 1
    outer loop
      vertex 3.734321705988807 -1.433471798181201 58
      vertex 3.734321705988807 1.433471798181201 58
      vertex 3.6541818305704035 1.6269465723032008 58
    endloop
  endfacet
  facet normal 0 0 1
    outer loop
      vertex 3.804226065180614 -1.2360679774997896 58
      vertex 3.804226065180614 1.2360679774997896 58
      vertex 3.734321705988807 1.433471798181201 58
    endloop
  endfacet
  facet normal 0 0 1
    outer loop
      vertex 3.8637033051562732 -1.035276180410083 58
      vertex 3.8637033051562732 1.035276180410083 58
      vertex 3.804226065180614 1.2360679774997896 58
    endloop
  endfacet
  facet normal 0 0 1
    outer loop
      vertex 3.9125904029352228 -0.8316467632710374 58
      vertex 3.9125904029352228 0.8316467632710374 58
      vertex 3.8637033051562732 1.035276180410083 58
    endloop
  endfacet
  facet normal 0 0 1
    outer loop
      vertex 3.9945181390182953 -0.20934382497177534 58
      vertex 4 0 58
      vertex 3.9945181390182953 0.20934382497177534 58
    endloop
  endfacet
  facet normal 0 0 1
    outer loop
      vertex 3.9945181390182953 -0.20934382497177534 58
      vertex 3.9945181390182953 0.20934382497177534 58
      vertex 3.978087581473093 0.4181138530706139 58
    endloop
  endfacet
  facet normal 0.7933533402912347 0.6087614290087214 0
    outer loop
      vertex 3.23606797749979 2.3511410091698925 23.2
      vertex 3.1085838458278836 2.5172815641993496 58
      vertex 3.23606797749979 2.3511410091698925 58
    endloop
  endfacet
  facet normal 0.8526401643540928 0.5224985647159478 0
    outer loop
      vertex 3.4641016151377544 2 23.2
      vertex 3.354682271781696 2.1785561400601083 58
      vertex 3.4641016151377544 2 58
    endloop
  endfacet
  facet normal 0.8788171126619648 0.4771587602596094 0
    outer loop
      vertex 3.5640260967534716 1.815961998958187 23.2
      vertex 3.4641016151377544 2 58
      vertex 3.5640260967534716 1.815961998958187 58
    endloop
  endfacet
  facet normal 0.8241261886220157 0.5664062369248327 0
    outer loop
      vertex 3.354682271781696 2.1785561400601083 23.2
      vertex 3.23606797749979 2.3511410091698925 58
      vertex 3.354682271781696 2.1785561400601083 58
    endloop
  endfacet
  facet normal 0.9426414910921787 0.3338068592337702 0
    outer loop
      vertex 3.804226065180614 1.2360679774997896 23.2
      vertex 3.734321705988807 1.433471798181201 58
      vertex 3.804226065180614 1.2360679774997896 58
    endloop
  endfacet
  facet normal 0.9238795325112867 0.3826834323650901 0
    outer loop
      vertex 3.734321705988807 1.433471798181201 23.2
      vertex 3.6541818305704035 1.6269465723032008 58
      vertex 3.734321705988807 1.433471798181201 58
    endloop
  endfacet
  facet normal 0.9025852843498609 0.43051109680829447 0
    outer loop
      vertex 3.6541818305704035 1.6269465723032008 23.2
      vertex 3.5640260967534716 1.815961998958187 58
      vertex 3.6541818305704035 1.6269465723032008 58
    endloop
  endfacet
  facet normal 0.7604059656000315 0.649448048330183 0
    outer loop
      vertex 2.972579301909577 2.676522425435433 23.2
      vertex 2.972579301909577 2.676522425435433 58
      vertex 3.1085838458278836 2.5172815641993496 23.2
    endloop
  endfacet
  facet normal 0.7604059656000315 0.649448048330183 0
    outer loop
      vertex 3.1085838458278836 2.5172815641993496 23.2
      vertex 2.972579301909577 2.676522425435433 58
      vertex 3.1085838458278836 2.5172815641993496 58
    endloop
  endfacet
  facet normal 0.7253743710122882 0.6883545756937532 0
    outer loop
      vertex 2.972579301909577 2.676522425435433 23.2
      vertex 2.8284271247461903 2.8284271247461903 58
      vertex 2.972579301909577 2.676522425435433 58
    endloop
  endfacet
endsolid OpenSCAD_Model
